,PunctuationCount,AverageSentenceLength,NumberOfSentences,AverageCharactersPerWord,UniqueWordRatio,YuleK,Maas,AverageCoRoLaWordFrequency,RareWordRatio,WordNgramEntropy,CharacterNgramPerplexity,UppercaseRatio,VowelRatio,Model
0,58,27.23076923076923,13,5.790960451977401,0.7005649717514124,71.81844297615628,0.01033039627564701,3.9601480857142857,0.5169491525423728,8.427391547486016,921.0628026845135,0.033712428919577576,0.3895207148659626,grok-3-mini-fast
1,54,27.615384615384617,13,5.944289693593315,0.6935933147632312,60.52094567857171,0.010570143985176762,3.756096232919255,0.5041782729805014,8.425841231168828,931.1863289251544,0.02944640753828033,0.38358853553199845,grok-3-mini-fast
2,45,28.75,12,6.066666666666666,0.7333333333333333,68.22096198277673,0.00908293042369454,4.2312034764890285,0.5362318840579711,8.375364245968589,868.7159612524889,0.020950846091861403,0.3936341659951652,grok-3-mini-fast
3,53,24.714285714285715,14,5.826086956521739,0.6956521739130435,76.95862213820627,0.01062773810360971,4.334233076158941,0.5159420289855072,8.354302872428367,897.5503705705801,0.02785862785862786,0.38794178794178796,grok-3-mini-fast
4,54,29.666666666666668,12,5.963483146067416,0.699438202247191,78.9041787653074,0.010357229927501316,4.254088741538461,0.5421348314606742,8.405450496069998,922.0238650197647,0.022906793048973143,0.38941548183254343,grok-3-mini-fast
5,46,24.071428571428573,14,6.017910447761194,0.7223880597014926,57.74114502116284,0.00961991807260443,3.7489701993464055,0.5343283582089552,8.341788124809382,914.1828108107258,0.03341687552213868,0.38471177944862156,grok-3-mini-fast
6,55,24.76923076923077,13,5.947204968944099,0.7204968944099379,52.6600054010262,0.009830853013057701,2.9772526999999998,0.5527950310559007,8.25942084224901,868.2574477107347,0.03753819292885203,0.38804015713662154,grok-3-mini-fast
7,53,22.8125,16,6.013736263736264,0.7115384615384616,69.88890230648472,0.009786107061941107,4.248420519637462,0.5659340659340659,8.454238961136246,918.854752365958,0.02534562211981567,0.39285714285714285,grok-3-mini-fast
8,55,32.72727272727273,11,6.05,0.7027777777777777,65.4320987654321,0.010180462281638769,3.9603048151515154,0.5333333333333333,8.441169037995298,916.5390821639467,0.02581888246628131,0.3919075144508671,grok-3-mini-fast
9,55,27.5,14,5.815104166666667,0.7005208333333334,76.49739583333333,0.010051671773916384,4.4389262011494255,0.5625,8.553119935705208,947.7340437836313,0.031086142322097377,0.38838951310861425,grok-3-mini-fast
10,67,23.533333333333335,15,6.0594900849858355,0.7138810198300283,68.37387347623365,0.009793246761764173,4.033696903125,0.5382436260623229,8.425340709546388,919.3288138123231,0.03441533046538913,0.3914743840438013,grok-3-mini-fast
11,67,22.333333333333332,18,5.7675,0.6625,76.0,0.011469685361635899,4.163431119318182,0.515,8.55626053771526,969.5048711445843,0.0368231046931408,0.3862815884476534,grok-3-mini-fast
12,55,24.375,16,5.98974358974359,0.6794871794871795,72.58382642998028,0.010855960772269604,4.274937960451978,0.5512820512820513,8.529706325700426,933.6671674670611,0.027677929547088427,0.3964773544212797,grok-3-mini-fast
13,44,26.846153846153847,13,5.873925501432665,0.6762177650429799,64.53148988924558,0.011412450632653389,4.065419312693499,0.501432664756447,8.37397797860735,872.8545404751277,0.024549918166939442,0.39279869067103107,grok-3-mini-fast
14,55,27.384615384615383,13,5.772471910112359,0.6741573033707865,58.07347557126626,0.011423843707430678,3.529072063636364,0.5449438202247191,8.37728148198549,893.1665957670198,0.041345764085934336,0.39116335630320226,grok-3-mini-fast
15,56,28.076923076923077,13,5.804945054945055,0.717032967032967,68.83226663446443,0.009564912793059974,4.268081869436202,0.5521978021978022,8.448729319262968,944.9265090945023,0.029237455551165546,0.39075464243382063,grok-3-mini-fast
16,41,28.3,10,5.787985865724382,0.7243816254416962,58.934435440572365,0.010116915173695739,3.533647357976654,0.5053003533568905,8.09432125487339,780.825531090791,0.03109072375127421,0.3944954128440367,grok-3-mini-fast
17,65,25.125,16,6.014925373134329,0.6741293532338308,73.26551322987055,0.010966667635373604,3.7009591239436626,0.5497512437810945,8.571985452623275,916.8159876569199,0.03674176776429809,0.394107452339688,grok-3-mini-fast
18,47,25.384615384615383,13,5.6909090909090905,0.6787878787878788,68.68686868686869,0.01152104204778212,3.9893595016835017,0.5181818181818182,8.286700954579729,881.7951245495711,0.03637976929902396,0.3873114463176575,grok-3-mini-fast
19,48,25.071428571428573,14,6.037463976945245,0.6887608069164265,89.52819141426305,0.010897722722464753,4.615108560897435,0.5273775216138329,8.374643003642033,870.3681639498747,0.024537409493161706,0.39541432019308126,grok-3-mini-fast
20,41,27.818181818181817,11,5.970588235294118,0.6993464052287581,83.30129437395874,0.010916219421959783,4.6704370892857145,0.5,8.195256334075406,874.0629543978494,0.027586206896551724,0.3875862068965517,grok-3-mini-fast
21,54,25.285714285714285,14,5.96045197740113,0.672316384180791,77.24472533435475,0.011525162310556296,3.87083417571885,0.5338983050847458,8.387731490828791,905.8387884155977,0.041716328963051254,0.3877632101708383,grok-3-mini-fast
22,56,27.09090909090909,11,6.077181208053691,0.7449664429530202,57.20463042205306,0.009070993801606185,3.5735584869888477,0.5335570469798657,8.157905358167218,830.6129740789341,0.033271719038817,0.3840110905730129,grok-3-mini-fast
23,50,26.454545454545453,11,6.027491408934708,0.7285223367697594,53.61297103246301,0.009840648688156373,3.306950245283019,0.5326460481099656,8.138529779670106,823.1723097203366,0.036242250834525515,0.39341917024320455,grok-3-mini-fast
24,58,24.857142857142858,14,5.867816091954023,0.6724137931034483,55.48949663099485,0.011588361094914226,3.592424165625,0.5258620689655172,8.346572832405348,908.5223063573816,0.03434178250204415,0.3892068683565004,grok-3-mini-fast
25,50,27.181818181818183,11,6.066889632107023,0.7290969899665551,47.20305142000649,0.009722971442980979,3.0056536811594206,0.5652173913043478,8.169655475152888,848.16706393421,0.039777983348751156,0.3894542090656799,grok-3-mini-fast
26,56,27.923076923076923,13,5.900826446280992,0.6804407713498623,57.069568714948126,0.011081472092418764,3.6026678123167155,0.5454545454545454,8.42041249619325,944.5731165182832,0.039437719640765326,0.39593908629441626,grok-3-mini-fast
27,53,23.714285714285715,14,6.114457831325301,0.7168674698795181,65.14007838583248,0.009877398372435557,3.637940878787879,0.5451807228915663,8.32611070740491,901.8987116788522,0.033140016570008285,0.3873239436619718,grok-3-mini-fast
28,46,24.818181818181817,11,6.285714285714286,0.73992673992674,45.08312200619893,0.009572314050555772,2.896756296442688,0.5934065934065934,8.033216931315916,818.3110682584635,0.03192534381139489,0.39538310412573674,grok-3-mini-fast
29,43,28.25,12,5.810650887573964,0.7100591715976331,73.87696509225867,0.010098158267386054,4.368754636655948,0.5118343195266272,8.346887014113124,877.0149143067392,0.025597269624573378,0.38993174061433444,grok-3-mini-fast
30,42,26.333333333333332,12,5.879746835443038,0.7278481012658228,62.489985579234094,0.009588790573367718,3.855701024305555,0.5253164556962026,8.246017899332792,876.0999838559446,0.024368231046931407,0.3944043321299639,grok-3-mini-fast
31,47,26.818181818181817,11,5.952542372881356,0.711864406779661,68.48606722206263,0.010508660470297209,4.211763454887218,0.5084745762711864,8.165658739394186,851.2639437172991,0.0357824427480916,0.3845419847328244,grok-3-mini-fast
32,54,25.071428571428573,14,5.859598853868195,0.7048710601719198,71.42798499191304,0.010201905983859966,4.292743107255521,0.5300859598853869,8.37180876164711,929.5860246905713,0.033946830265848674,0.38732106339468303,grok-3-mini-fast
33,56,25.125,16,5.705,0.675,64.125,0.010948979010218329,3.4716810919220054,0.4925,8.525935060346566,948.5148511776921,0.02412280701754386,0.3855994152046784,grok-3-mini-fast
34,55,25.53846153846154,13,5.804216867469879,0.6927710843373494,52.07577297140369,0.01089199121204131,3.4351778590163935,0.5240963855421686,8.307983819187388,893.7814464740572,0.03572965992251399,0.391304347826087,grok-3-mini-fast
35,46,23.142857142857142,14,6.12037037037037,0.7098765432098766,67.44398719707361,0.010254189545291094,4.063018880546075,0.5308641975308642,8.28351763796896,890.7133030248159,0.031901318587834966,0.3925988940876223,grok-3-mini-fast
36,56,22.571428571428573,14,6.174050632911392,0.7246835443037974,58.48421727287294,0.00972031769861187,3.6594264892857145,0.5348101265822784,8.267461986641248,876.7409759526364,0.0353448275862069,0.3870689655172414,grok-3-mini-fast
37,38,28.545454545454547,11,5.732484076433121,0.7070063694267515,83.16767414499574,0.01048888679153725,4.2808888222996515,0.5095541401273885,8.226121083354343,846.7539232473877,0.02414113277623027,0.3862581244196843,grok-3-mini-fast
38,54,25.692307692307693,13,5.882882882882883,0.7027027027027027,63.84763141519898,0.010458763994803237,3.6490956153846152,0.4924924924924925,8.306500613569323,856.0352055506447,0.031156636790439608,0.38583013230900554,grok-3-mini-fast
39,56,25.53846153846154,13,6.081325301204819,0.6987951807228916,70.76498766148933,0.010635072293223857,3.8864238952702705,0.536144578313253,8.293618600147619,882.4897047712182,0.040383014154870944,0.3896752706078268,grok-3-mini-fast
40,56,26.46153846153846,13,5.964809384164223,0.6979472140762464,70.86282367712695,0.010573442577060513,4.311564198083067,0.5395894428152492,8.332141928765672,883.3291796530367,0.02225886232481451,0.38788128606760097,grok-3-mini-fast
41,46,27.545454545454547,11,6.129139072847682,0.7119205298013245,68.19876321213982,0.010420105854803942,4.165436841911765,0.5298013245033113,8.226975158487276,773.12845052572,0.03415300546448088,0.39435336976320584,grok-3-mini-fast
42,55,25.90909090909091,11,5.697183098591549,0.6795774647887324,105.13786947034319,0.012105077853980326,5.158449411290323,0.49295774647887325,8.099587968972648,821.1105794806758,0.03538461538461538,0.3769230769230769,grok-3-mini-fast
43,56,24.642857142857142,14,6.1395348837209305,0.6627906976744186,69.80124391563007,0.012056837082138845,4.0560161151315794,0.49127906976744184,8.3673857938633,870.289951714689,0.037125748502994015,0.3916167664670659,grok-3-mini-fast
44,50,30.4,10,5.752475247524752,0.6666666666666666,102.38647627138951,0.012419772269915629,5.322131916363637,0.5214521452145214,8.173802835337241,821.1698139123686,0.03441682600382409,0.38718929254302104,grok-3-mini-fast
45,53,24.76923076923077,13,6.006269592476489,0.7021943573667712,75.27441750768959,0.010636955606969393,4.4208616493055555,0.5235109717868338,8.245242153383957,825.5073650986479,0.03021015761821366,0.3914185639229422,grok-3-mini-fast
46,64,29.46153846153846,13,5.741514360313316,0.6135770234986945,107.16549979889426,0.013806150967754968,5.22072886510264,0.5039164490861618,8.46876449556369,914.2369516191624,0.029901589704769114,0.3890991672975019,grok-3-mini-fast
47,53,26.75,12,5.665625,0.675,94.921875,0.011812471422225496,4.988117972125436,0.49375,8.264889455450877,843.0513999619897,0.0307057745187901,0.38817598533455544,grok-3-mini-fast
48,52,24.714285714285715,14,5.852173913043479,0.6782608695652174,106.36420919974795,0.011369173648933311,5.422227868589744,0.5043478260869565,8.317224711084869,836.6974160299789,0.02321724709784411,0.392620232172471,grok-3-mini-fast
49,60,25.0,14,5.724137931034483,0.6379310344827587,98.75809221825868,0.013125481876359818,4.946911132911393,0.5057471264367817,8.375391276209383,819.9503656913203,0.030859049207673062,0.38740617180984155,grok-3-mini-fast
50,62,28.076923076923077,13,5.771978021978022,0.6373626373626373,99.62564907619853,0.012951777312015916,5.141787406727828,0.5054945054945055,8.45215938124048,877.4154798996586,0.029726516052318668,0.3856520015854142,grok-3-mini-fast
51,43,23.3,10,5.8405172413793105,0.7112068965517241,83.23424494649227,0.011487258406653546,4.910412899521531,0.5086206896551724,7.796533078203228,725.652349904391,0.03571428571428571,0.3866995073891626,grok-3-mini-fast
52,75,22.0,18,5.753180661577608,0.6463104325699746,101.91066306677286,0.012230859072620072,5.308789002849004,0.5038167938931297,8.549633887471517,943.4800567152263,0.04232609495767391,0.3805668016194332,grok-3-mini-fast
53,53,26.333333333333332,12,5.822222222222222,0.6761904761904762,88.28420256991686,0.01182398723932163,4.888811505226481,0.5174603174603175,8.215783527547158,805.1214749191379,0.026818181818181817,0.3981818181818182,grok-3-mini-fast
54,61,23.785714285714285,14,5.688821752265861,0.6435045317220544,96.38466242549812,0.013094660338739142,4.850893704081633,0.4954682779456193,8.2913074036332,854.5972218867071,0.03525782282944028,0.3843102688408991,grok-3-mini-fast
55,50,27.25,12,5.707692307692308,0.6615384615384615,102.05917159763314,0.012351408783431194,5.094777452380953,0.5015384615384615,8.261116129414479,814.6237300050328,0.03191011235955056,0.39370786516853934,grok-3-mini-fast
56,56,30.545454545454547,11,5.726190476190476,0.6755952380952381,102.57227891156462,0.01158910328436238,5.335995120915033,0.49107142857142855,8.340256091315284,871.5084772226562,0.0341843357853743,0.39030722630895714,grok-3-mini-fast
57,55,22.4375,16,5.969014084507042,0.7098591549295775,89.82344772862527,0.009938258055332414,4.948845374233128,0.532394366197183,8.40545865742763,865.7722354842626,0.032091917591125195,0.38589540412044376,grok-3-mini-fast
58,56,24.846153846153847,13,5.728125,0.65625,93.75,0.01265911677103777,4.900122696113074,0.5,8.24844709652349,834.2469236045921,0.035876475930971846,0.3837420526793824,grok-3-mini-fast
59,63,28.153846153846153,13,5.572602739726028,0.6575342465753424,92.47513604803903,0.012044614159270918,4.76366274695122,0.4958904109589041,8.42672382974725,887.1128618133125,0.03623778501628665,0.38151465798045603,grok-3-mini-fast
60,51,23.466666666666665,15,6.014245014245014,0.6809116809116809,83.92789019569646,0.011188818879947916,4.335828471518988,0.47863247863247865,8.395468897534252,834.1607415776142,0.017935432443204464,0.38581108011159826,grok-3-mini-fast
61,51,22.8125,16,5.989041095890411,0.6520547945205479,97.57928316757365,0.01228502038893694,5.038315751497007,0.4712328767123288,8.415734818758239,843.594840247977,0.028055342044581093,0.38854727132974637,grok-3-mini-fast
62,46,25.214285714285715,14,5.621082621082621,0.6723646723646723,106.9796511391953,0.01155656801039397,5.302938373417722,0.45584045584045585,8.41121111183233,877.1192316619954,0.028716216216216218,0.38471283783783783,grok-3-mini-fast
63,43,25.23076923076923,13,5.954128440366972,0.6758409785932722,111.66287910669696,0.011687199946997004,5.2220507425742575,0.44648318042813456,8.29964839962985,808.4771397712722,0.017695295640914977,0.39274924471299094,grok-3-mini-fast
64,54,25.4,15,5.502631578947368,0.6421052631578947,80.88642659279779,0.012554770051846844,4.269472681034483,0.4868421052631579,8.500737712307863,888.1782662396583,0.023357086302454474,0.38915281076801267,grok-3-mini-fast
65,48,26.5,12,5.860759493670886,0.6772151898734177,90.53036372376222,0.011765259322848817,4.848454496503497,0.4778481012658228,8.258716312031204,846.1379540171298,0.02390617952187641,0.38294993234100133,grok-3-mini-fast
66,55,27.53846153846154,13,6.189944134078212,0.6983240223463687,80.36578134265473,0.010383607003157798,4.5910852993827165,0.4553072625698324,8.429360095961872,876.3187668935801,0.026285714285714287,0.3939047619047619,grok-3-mini-fast
67,68,22.157894736842106,19,5.800475059382423,0.669833729216152,85.75893839461524,0.010974755455435602,4.730852416666667,0.4655581947743468,8.664829118851449,960.984307957344,0.030385797200409695,0.38682144076476616,grok-3-mini-fast
68,42,26.142857142857142,14,6.087431693989071,0.6830601092896175,73.90486428379468,0.010940315644657394,3.7425959820359287,0.4726775956284153,8.42676758525052,846.1252001997942,0.01781652767247915,0.39272175890826383,grok-3-mini-fast
69,52,28.166666666666668,12,6.095238095238095,0.7023809523809523,62.358276643990926,0.010440072942195405,3.8471757612903223,0.5267857142857143,8.346226240569015,863.9793093055245,0.02342786683107275,0.3904644471845458,grok-3-mini-fast
70,55,19.705882352941178,17,5.8053892215568865,0.6766467065868264,92.33030944099825,0.011566875945103763,4.881532572368421,0.47305389221556887,8.31104537156927,853.3750837464346,0.02880481513327601,0.3865004299226139,grok-3-mini-fast
71,42,25.923076923076923,13,6.106824925816023,0.6943620178041543,84.35400505419612,0.010768396100886932,4.646142231511255,0.4807121661721068,8.307899184753163,883.924002004069,0.02175697865353038,0.3862889983579639,grok-3-mini-fast
72,54,23.875,16,5.656167979002625,0.6325459317585301,93.13796405370589,0.012968377834453948,4.599279495601173,0.4671916010498688,8.483658535956835,834.8661197864283,0.022402471996910003,0.3831595210505987,grok-3-mini-fast
73,46,24.142857142857142,14,6.0325443786982245,0.6627218934911243,97.68565526417142,0.01213287424072118,4.9302311238095236,0.47041420118343197,8.31497340134706,826.079096106806,0.023907666941467436,0.3895300906842539,grok-3-mini-fast
74,63,23.176470588235293,17,5.913486005089059,0.6895674300254453,89.09089731885607,0.010415474176986484,4.810481196581197,0.5012722646310432,8.578995558400921,946.72421783293,0.022686352178610012,0.378826071299964,grok-3-mini-fast
75,49,21.125,16,5.874251497005988,0.7035928143712575,70.99573308472874,0.010410486979251916,4.400954161812297,0.47904191616766467,8.314784448139351,890.7415755058245,0.022620571916346564,0.38583013230900554,grok-3-mini-fast
76,44,26.23076923076923,13,5.721407624633431,0.6598240469208211,110.76616128172272,0.012224982192638687,5.0568721993569135,0.4604105571847507,8.368214465549467,869.7575148950607,0.024379811804961505,0.3866552609067579,grok-3-mini-fast
77,47,21.733333333333334,15,5.889230769230769,0.7046153846153846,71.38461538461539,0.010465638714702193,4.147445353741497,0.5076923076923077,8.254943289908306,818.6607258891229,0.028446389496717725,0.39212253829321664,grok-3-mini-fast
78,49,24.125,16,5.8782383419689115,0.6373056994818653,92.75416789712476,0.012700322765410473,4.844704065527066,0.4689119170984456,8.52245547972687,869.1487964681372,0.02624768946395564,0.3900184842883549,grok-3-mini-fast
79,44,25.833333333333332,12,5.925566343042071,0.7281553398058253,62.420795760413064,0.009651027449145639,3.7881950357142857,0.5145631067961165,8.260293034201394,854.869035468682,0.024267399267399268,0.39056776556776557,grok-3-mini-fast
80,45,26.416666666666668,12,6.1198738170347005,0.6971608832807571,65.28077700046771,0.01087711804970603,4.170683587837837,0.5331230283911672,8.24442983836013,812.3141369361559,0.028683181225554105,0.39374185136897,grok-3-mini-fast
81,49,26.833333333333332,12,6.214285714285714,0.6894409937888198,64.81231433972455,0.01115217258352572,4.02937216722408,0.5714285714285714,8.27423357590061,858.9601037244603,0.028270042194092827,0.39451476793248946,grok-3-mini-fast
82,53,24.846153846153847,13,6.1671826625387,0.6687306501547987,83.19834370117609,0.012053884088823285,4.5074122147651,0.5727554179566563,8.257595013287172,856.8472498313727,0.030840726658217153,0.3971271651880017,grok-3-mini-fast
83,66,29.928571428571427,14,6.081145584725537,0.6420047732696897,85.09862668815967,0.012156049354837207,4.687289946428571,0.5536992840095465,8.597850908370793,945.5579653244537,0.03068294292312768,0.39161992741669416,grok-3-mini-fast
84,53,25.666666666666668,12,6.2272727272727275,0.7012987012987013,63.88092427053466,0.010806508648337968,3.8998749498207887,0.5487012987012987,8.207518664581373,811.9622459999142,0.030755711775043937,0.39806678383128297,grok-3-mini-fast
85,44,25.818181818181817,11,6.264084507042254,0.7288732394366197,71.41440190438405,0.00991057432886392,3.978952644787645,0.5528169014084507,8.099587968972648,771.0691400792522,0.02794883941260066,0.39459971577451447,grok-3-mini-fast
86,48,26.272727272727273,11,6.193771626297578,0.7024221453287197,50.526214963901296,0.01100088461427419,3.442711761363636,0.5605536332179931,8.097859419837578,793.0965907695585,0.026874115983026876,0.3955681282413956,grok-3-mini-fast
87,43,28.666666666666668,12,6.037790697674419,0.6598837209302325,76.39264467279611,0.012185691162277973,4.130600551829269,0.5697674418604651,8.344062178702949,801.4800244104697,0.02922077922077922,0.39204545454545453,grok-3-mini-fast
88,57,27.928571428571427,14,6.084398976982097,0.6419437340153452,75.61436672967864,0.012442070845439525,4.084470687150838,0.5805626598465473,8.514087934322431,892.7054634139222,0.02938053097345133,0.3915044247787611,grok-3-mini-fast
89,40,27.181818181818183,11,6.046822742474917,0.6956521739130435,57.270052907685596,0.011168021475790435,3.493450420289855,0.5886287625418061,8.144454887890047,803.6811806962107,0.029809035863996275,0.39729855612482534,grok-3-mini-fast
90,49,27.53846153846154,13,6.35754189944134,0.7039106145251397,48.53156892731188,0.01015318434035275,2.974495406727829,0.5921787709497207,8.438450046936204,871.6135044635417,0.024599329109206113,0.40253447633246364,grok-3-mini-fast
91,44,26.153846153846153,13,6.144117647058824,0.6529411764705882,62.45674740484429,0.01254593301721131,3.6841063848580444,0.5705882352941176,8.309965467541977,829.1488706960375,0.030731904569348968,0.3966841892438334,grok-3-mini-fast
92,54,31.727272727272727,11,5.845272206303725,0.6418338108882522,72.74160310670685,0.012934705906689655,3.7820136927899686,0.5358166189111748,8.375386671123652,835.6066611569026,0.03849303849303849,0.3845208845208845,grok-3-mini-fast
93,49,26.75,12,6.392523364485982,0.6947040498442367,56.09417610465737,0.010935889003047695,3.431910058823529,0.5887850467289719,8.278178094887362,811.5926458618176,0.030578512396694214,0.3987603305785124,grok-3-mini-fast
94,58,26.571428571428573,14,6.032258064516129,0.6559139784946236,77.46560295987976,0.012037848998335252,4.036857123893805,0.5483870967741935,8.432136124581746,864.4870412336479,0.026956196181205542,0.3953575439910146,grok-3-mini-fast
95,52,28.25,12,6.336283185840708,0.6843657817109144,78.66273352999016,0.011173756342490689,4.395920614649682,0.551622418879056,8.317256174428662,832.7761972239333,0.029609159099881564,0.38965653375444137,grok-3-mini-fast
96,42,30.1,10,6.21594684385382,0.6910299003322259,62.250968532356154,0.011346626276305918,3.798433034965035,0.5813953488372093,8.120936930573881,755.6018292227687,0.020795660036166366,0.39511754068716093,grok-3-mini-fast
97,49,29.5,12,6.008474576271187,0.6807909604519774,79.47907689361294,0.011161541060344305,4.418544439628483,0.5451977401129944,8.38531009430677,885.4705520215828,0.03044681692368525,0.3926453143534994,grok-3-mini-fast
98,63,27.142857142857142,14,6.163157894736842,0.6815789473684211,59.418282548476455,0.010864001634840083,3.415058059659091,0.5657894736842105,8.48490657774322,915.097172445976,0.03233920229967661,0.3884297520661157,grok-3-mini-fast
99,54,27.23076923076923,13,6.192090395480226,0.6751412429378532,61.7638609594944,0.011403448434514341,3.7669642439759037,0.5847457627118644,8.39553570471594,837.7411932530144,0.03156274056966898,0.39992301770592764,grok-3-mini-fast
100,43,29.90909090909091,11,5.801829268292683,0.6463414634146342,120.09220701963118,0.013004775082996698,5.829402172757475,0.5060975609756098,8.275135281142342,799.6379573414341,0.02464788732394366,0.3930457746478873,grok-3-mini-fast
101,44,26.09090909090909,11,6.097560975609756,0.7386759581881533,67.98674258519588,0.009456709639617155,4.23954308045977,0.5679442508710801,8.124906301813354,823.3486970044935,0.02881844380403458,0.3967339097022094,grok-3-mini-fast
102,54,29.166666666666668,12,6.065714285714286,0.6914285714285714,81.95918367346938,0.010753062308167064,4.770214775,0.5485714285714286,8.399074952564485,911.1580366253964,0.027722772277227723,0.39564356435643566,grok-3-mini-fast
103,58,27.846153846153847,13,5.759002770083103,0.628808864265928,102.51609487342792,0.01337782225326878,5.2333776925465845,0.4986149584487535,8.400867297712555,871.8783656091532,0.029270248596631916,0.3909382518043304,grok-3-mini-fast
104,53,25.428571428571427,14,5.828169014084507,0.6929577464788732,106.1694108311843,0.010637107141169957,5.174080641744549,0.5154929577464789,8.38424460374309,856.0093504535558,0.029874848607186113,0.389987888574889,grok-3-mini-fast
105,48,26.46153846153846,13,5.862973760932944,0.6997084548104956,73.26879106494742,0.010478315378910303,4.319288926984127,0.5364431486880467,8.372502295575,890.3615623760836,0.02666666666666667,0.39125,grok-3-mini-fast
106,48,26.0,12,5.782051282051282,0.6923076923076923,87.31919789612097,0.011149227626647168,4.834925557553957,0.5192307692307693,8.233327401956444,822.679486969849,0.03140877598152425,0.38521939953810624,grok-3-mini-fast
107,48,26.333333333333332,12,6.050632911392405,0.6867088607594937,73.5058484217273,0.011345037768502684,4.113506459363958,0.5379746835443038,8.261112780292041,818.7698339609199,0.028119507908611598,0.38400702987697716,grok-3-mini-fast
108,62,27.846153846153847,13,5.773480662983426,0.6767955801104972,88.82512743811239,0.01124659901180742,4.96999793939394,0.5082872928176796,8.441811328814243,910.130290517224,0.02429311031461569,0.3950617283950617,grok-3-mini-fast
109,45,28.8,10,6.041666666666667,0.7291666666666666,60.763888888888886,0.00984913011750297,4.081601149425287,0.5451388888888888,8.13703236221576,802.547748794386,0.024613899613899613,0.39333976833976836,grok-3-mini-fast
110,47,28.25,12,5.964601769911504,0.6991150442477876,100.76487326076175,0.010545549539776248,5.142809460063898,0.5457227138643068,8.325406729168792,858.5434209540306,0.023265475695886995,0.3888658080598255,grok-3-mini-fast
111,47,27.923076923076923,13,5.986225895316805,0.6776859504132231,75.28326085801667,0.011198234770107233,4.444309417910448,0.5261707988980716,8.440426619115451,849.4569164104937,0.0228328173374613,0.39357585139318885,grok-3-mini-fast
112,42,28.0,10,5.8464285714285715,0.725,59.183673469387756,0.010128345695018148,3.9825201538461537,0.5392857142857143,8.088279017922376,782.4295911404402,0.024514811031664963,0.39734422880490294,grok-3-mini-fast
113,54,28.75,12,6.0202898550724635,0.672463768115942,95.44213400546104,0.01162054978262918,4.998923580128205,0.5246376811594203,8.380887892857805,861.8047287826205,0.022983870967741935,0.3842741935483871,grok-3-mini-fast
114,52,25.357142857142858,14,5.720338983050848,0.6299435028248588,77.40432187430177,0.013414899913897136,4.364496064814815,0.4830508474576271,8.384204259956732,842.4194704601659,0.02509255450431921,0.38872891814068283,grok-3-mini-fast
115,47,21.4,15,5.845911949685535,0.6761006289308176,89.79075194810332,0.011789119929992549,4.728522788732395,0.5157232704402516,8.20893910899011,823.3089072625254,0.027051397655545536,0.39359783588818753,grok-3-mini-fast
116,49,30.25,12,5.677685950413223,0.6446280991735537,94.55941837609757,0.012637632723508232,5.069306118902439,0.5013774104683195,8.40039837327105,881.7986987274827,0.026283865750101092,0.3958754549130611,grok-3-mini-fast
117,55,32.0,11,5.7094017094017095,0.6467236467236467,99.51217928425906,0.01268853682405753,5.1632351114551085,0.5042735042735043,8.34404032610568,863.1637324615655,0.027420024927295387,0.3896967179061072,grok-3-mini-fast
118,49,26.166666666666668,12,5.936305732484076,0.697452229299363,87.42748184510528,0.0109004867959123,4.743580653710247,0.554140127388535,8.262047960344235,832.8059660729214,0.028764044943820226,0.39325842696629215,grok-3-mini-fast
119,41,28.363636363636363,11,5.785256410256411,0.6891025641025641,85.05917159763314,0.011289921566097915,4.821627851590106,0.5352564102564102,8.196318479112948,806.0736849073534,0.029643353404353867,0.3923112552107457,grok-3-mini-fast
120,57,25.6,15,5.968586387434555,0.6832460732984293,97.03681368383542,0.010775713443970754,5.140834098837209,0.4973821989528796,8.51719108511976,914.8300835095931,0.025386313465783666,0.39403973509933776,grok-3-mini-fast
121,50,24.0,14,5.907462686567164,0.7044776119402985,53.285809757184225,0.010362606410748394,3.5356036957928803,0.5194029850746269,8.359752196665669,857.3214935519056,0.024957698815566837,0.3895939086294416,grok-3-mini-fast
122,52,24.785714285714285,14,5.755813953488372,0.6715116279069767,83.32206598161169,0.011673638736198456,4.601707373801917,0.5116279069767442,8.3673857938633,856.9800949421525,0.02737994945240101,0.38247683235046337,grok-3-mini-fast
123,48,32.3,10,5.910216718266254,0.7151702786377709,81.47303242626691,0.010042597216198575,4.273922044067797,0.4891640866873065,8.281227437120828,825.1348021876939,0.02324561403508772,0.3894736842105263,grok-3-mini-fast
124,45,28.363636363636363,11,5.784565916398714,0.6784565916398714,73.40701605649238,0.01177514514118138,4.29576812720848,0.5080385852090032,8.250317953661336,801.9078794856999,0.022685185185185187,0.3875,grok-3-mini-fast
125,49,22.642857142857142,14,5.939873417721519,0.689873417721519,75.70902099022592,0.011206253949381559,4.4241131595744685,0.4873417721518987,8.235715954895216,866.1740682446901,0.02142857142857143,0.38973214285714286,grok-3-mini-fast
126,59,25.5,16,5.805418719211823,0.6354679802955665,106.53012691402364,0.012567637137847209,4.792584625000001,0.5197044334975369,8.52406343725145,879.2475620035354,0.02375886524822695,0.38581560283687943,grok-3-mini-fast
127,64,28.2,15,5.92654028436019,0.6587677725118484,111.85732575638463,0.01142201250528657,5.109185709511569,0.514218009478673,8.616120870804725,927.5468213167449,0.026764804282368684,0.38875878220140514,grok-3-mini-fast
128,55,28.583333333333332,12,5.798833819241983,0.6967930029154519,76.66873496587306,0.010600835392812024,4.382437103896104,0.4868804664723032,8.376916842371278,876.0063299959027,0.03058232090490155,0.3912861332216171,grok-3-mini-fast
129,57,25.8,15,5.863049095607235,0.6666666666666666,62.89686116619594,0.011420643572314268,4.002561852272727,0.4780361757105943,8.535462218615232,909.5197011535621,0.029476787030213707,0.3843036109064112,grok-3-mini-fast
130,40,26.583333333333332,12,5.836990595611285,0.6865203761755486,108.68603885575024,0.011316139379305784,5.238262181818182,0.5172413793103449,8.235037397101452,839.3369022474811,0.028327338129496404,0.3898381294964029,grok-3-mini-fast
131,53,24.53846153846154,13,5.993730407523511,0.6927899686520376,64.07169740863395,0.011042623282400705,3.5788091160409556,0.5015673981191222,8.241326705277553,821.3939020419895,0.03150984682713348,0.3903719912472648,grok-3-mini-fast
132,46,26.692307692307693,13,6.164739884393064,0.6676300578034682,84.03220956263156,0.01182010124597279,4.601294233128835,0.47109826589595377,8.34710505165926,794.9265029236386,0.020594059405940595,0.3904950495049505,grok-3-mini-fast
133,58,30.384615384615383,13,5.901015228426396,0.6522842639593909,78.46118168466077,0.011962862882534299,4.36650022739726,0.5126903553299492,8.510841831758631,870.1778080972193,0.02521613832853026,0.3865273775216138,grok-3-mini-fast
134,54,26.857142857142858,14,5.7962466487935655,0.6702412868632708,80.06957571749959,0.011410707646812688,4.481002627976191,0.47989276139410186,8.465207803031884,907.639592139271,0.031334622823984526,0.3949709864603482,grok-3-mini-fast
135,53,27.923076923076923,13,5.657458563535911,0.6519337016574586,79.6678978053173,0.012324813327755134,4.445188572755418,0.4585635359116022,8.462614029657253,844.5466339951236,0.030438311688311688,0.38758116883116883,grok-3-mini-fast
136,54,27.23076923076923,13,5.8559322033898304,0.652542372881356,71.49924989626224,0.0123917555267052,4.137473212962963,0.4971751412429379,8.37426155456204,847.6547474677071,0.024164317358034634,0.3910592025775272,grok-3-mini-fast
137,66,25.6,15,5.866492146596858,0.680628272251309,69.89939968750856,0.010884312896851317,4.095169538461539,0.4816753926701571,8.494907030013009,949.1811534145367,0.02680565897244974,0.3883097542814594,grok-3-mini-fast
138,65,20.75,20,5.688405797101449,0.6714975845410628,76.89794394268245,0.010967590923507032,4.4130026756032175,0.45410628019323673,8.646414436310486,957.7361263915935,0.029153494906919566,0.3884791008078679,grok-3-mini-fast
139,53,32.333333333333336,12,5.909560723514212,0.6589147286821705,69.44027135121421,0.01175008326680801,4.228056252148997,0.46770025839793283,8.533506551511183,902.281695012567,0.027869453612027868,0.3832049871653832,grok-3-mini-fast
140,59,24.714285714285715,14,5.763005780346821,0.6647398843930635,61.98001937919744,0.011947026177968641,3.896998298742138,0.5,8.33551084876071,868.0212759379731,0.0425,0.38083333333333336,grok-3-fast
141,44,27.0,13,5.572649572649572,0.6809116809116809,69.47995551984155,0.011188818879947916,3.676200651234568,0.5014245014245015,8.384040326105682,900.320448239142,0.0280970625798212,0.38654746700723713,grok-3-fast
142,57,26.46153846153846,13,5.683139534883721,0.6976744186046512,55.266360194699836,0.010553212317722388,3.0216206357827473,0.5232558139534884,8.316336887145145,946.0643875354297,0.03258569614896318,0.38171815488785443,grok-3-fast
143,53,33.25,12,5.398496240601504,0.6591478696741855,62.436793738732796,0.011620702271659133,4.024066597826087,0.48621553884711777,8.57442641073922,977.7798260362615,0.03843197540353574,0.3823981552651806,grok-3-fast
144,50,21.294117647058822,17,5.497222222222222,0.6527777777777778,71.75925925925925,0.012310679464296257,3.922327475308642,0.4861111111111111,8.351295326278054,877.1567927552629,0.03016338500209468,0.38374528697109345,grok-3-fast
145,64,25.235294117647058,17,5.738927738927739,0.6223776223776224,84.87239256470026,0.012906695654575778,4.239896636125654,0.4825174825174825,8.649154427979822,944.971220792315,0.03382949932341001,0.38565629228687415,grok-3-fast
146,45,26.166666666666668,12,5.680511182108626,0.6549520766773163,65.9392256734273,0.012816715216125821,4.049342172535211,0.4696485623003195,8.160339558578102,796.0889867697637,0.03231850117096019,0.380327868852459,grok-3-fast
147,57,25.571428571428573,14,5.594972067039106,0.664804469273743,71.47092787366186,0.01180608513169993,3.9998225682539683,0.44972067039106145,8.44056457775459,912.9466111923838,0.03927242662257131,0.3782554774700289,grok-3-fast
148,61,25.41176470588235,17,5.642691415313225,0.6705336426914154,66.32177906019024,0.01086159614608749,3.8919806766917295,0.4872389791183295,8.676669855398382,1012.2959182908859,0.03181662675333562,0.38453643516934655,grok-3-fast
149,52,24.8,15,5.540322580645161,0.6720430107526881,64.89189501676495,0.011344431892961658,3.8435933611940305,0.49193548387096775,8.479332283623059,928.1582954866791,0.03201280512204882,0.37975190076030413,grok-3-fast
150,59,23.625,16,5.740053050397878,0.6710875331564987,64.87064568103624,0.011333854058830238,3.8700852815249265,0.4827586206896552,8.504708831725075,960.9125402786703,0.039816232771822356,0.38437978560490044,grok-3-fast
151,50,23.133333333333333,15,5.7514450867052025,0.6936416184971098,50.45273814694777,0.010701895674692645,3.465309302547771,0.5028901734104047,8.38407574007133,896.8523305442556,0.028773978315262717,0.38365304420350294,grok-3-fast
152,41,22.384615384615383,13,5.725085910652921,0.7079037800687286,59.28130277157804,0.010732638169900407,3.5105780656370658,0.5154639175257731,8.131633227945969,816.5030622056396,0.03258145363408521,0.38847117794486213,grok-3-fast
153,57,25.133333333333333,15,5.663129973474801,0.6684350132625995,63.885625030781895,0.01144639252710749,4.079620096774193,0.5172413793103449,8.504708831725075,979.9145700128455,0.03856641994546163,0.37709388391118037,grok-3-fast
154,58,21.944444444444443,18,5.681012658227848,0.6734177215189874,63.32318538695722,0.011060749900038993,3.652051557377049,0.5063291139240507,8.567458481881943,993.4679551368419,0.03445720637273064,0.3882919599851797,grok-3-fast
155,61,19.263157894736842,19,5.47945205479452,0.6767123287671233,68.90598611371739,0.011218690181698215,3.634965498422713,0.4904109589041096,8.450775718489457,917.9626654797825,0.033856317093311314,0.37613542526837324,grok-3-fast
156,46,24.357142857142858,14,5.624633431085044,0.7038123167155426,44.891254805170234,0.010327396127881208,2.9322214244372993,0.4780058651026393,8.35422950230781,892.4878964536414,0.03164282618118769,0.387949718248808,grok-3-fast
157,57,21.22222222222222,18,5.510471204188482,0.6361256544502618,66.74707381924837,0.012797296305515992,3.880735443478261,0.4790575916230366,8.501443053623698,946.8531522764264,0.03617774282343689,0.3841918993314982,grok-3-fast
158,55,25.0,15,5.762032085561497,0.6711229946524064,54.476822328347964,0.01136293854558124,3.1993795581395346,0.516042780748663,8.456531384581002,920.7837216675877,0.03528499418379217,0.38231872818922064,grok-3-fast
159,59,23.58823529411765,17,5.4812967581047385,0.6384039900249376,59.94987593360738,0.012491352405898368,3.4353177342465755,0.48877805486284287,8.536968971019316,960.7766604812007,0.03383458646616541,0.3898496240601504,grok-3-fast
160,47,19.11764705882353,17,5.6461538461538465,0.6861538461538461,64.0,0.011259305135728159,3.777995197916667,0.48615384615384616,8.263446029112515,836.3286786358301,0.02986425339366516,0.37873303167420813,grok-3-fast
161,52,20.8,15,5.887820512820513,0.6987179487179487,67.80078895463511,0.01086978334854855,3.8998888576512454,0.5448717948717948,8.181880456618822,828.0137632535683,0.03044070876874148,0.3793730122671513,grok-3-fast
162,51,21.933333333333334,15,6.1155015197568385,0.7203647416413373,53.02981310224407,0.009763494154873176,3.769786347540984,0.5288753799392097,8.318665152477342,842.4315521760074,0.025930572982015895,0.38686741948975323,grok-3-fast
163,48,22.666666666666668,15,5.790560471976401,0.6666666666666666,73.96385342974739,0.011945724946721557,4.327064724025973,0.5162241887905604,8.32987351912242,828.7005742578816,0.027222458528285837,0.38409187579753296,grok-3-fast
164,45,23.214285714285715,14,6.086153846153846,0.7261538461538461,68.54437869822485,0.009565566041632174,4.228316799319728,0.5046153846153846,8.321331484366105,849.286413978919,0.024152542372881357,0.38601694915254237,grok-3-fast
165,42,23.083333333333332,12,6.075812274368231,0.7220216606498195,67.51032855895424,0.010297329672046936,4.046135004,0.5018050541516246,8.0405719658283,763.6001140592738,0.023976023976023976,0.3856143856143856,grok-3-fast
166,56,23.066666666666666,15,5.828985507246377,0.7130434782608696,80.48729258559126,0.00990461149277646,4.569945636942675,0.527536231884058,8.373939173306749,860.0027672987505,0.028512396694214875,0.38264462809917354,grok-3-fast
167,46,22.4,15,5.737313432835821,0.6985074626865672,71.64179104477611,0.010614371320425189,4.0173480730897015,0.49850746268656715,8.335007698143242,849.3181694179428,0.03025064822817632,0.3798617113223855,grok-3-fast
168,42,25.785714285714285,14,5.750692520775623,0.6648199445983379,82.2584234313733,0.011771977425913422,4.3603510489296635,0.481994459833795,8.394299164444222,805.833099430089,0.020967741935483872,0.3875,grok-3-fast
169,39,21.928571428571427,14,5.801302931596092,0.6970684039087948,66.41980286262984,0.011003265448136169,3.9075690216606502,0.50814332247557,8.196097360659438,791.0944248543242,0.02539981185324553,0.389934148635936,grok-3-fast
170,58,20.22222222222222,18,5.867768595041323,0.6914600550964187,74.52435701872216,0.01061910133647485,4.450604088685016,0.5261707988980716,8.461171853934033,853.8161901340193,0.0282574568288854,0.3834379905808477,grok-3-fast
171,53,23.941176470588236,17,5.896805896805897,0.6609336609336609,63.024829609596196,0.01146911006341966,3.474151619946092,0.5085995085995086,8.587725633923288,929.966908775688,0.026223776223776224,0.38356643356643355,grok-3-fast
172,44,24.75,12,5.956228956228956,0.7373737373737373,48.521125962203406,0.009397708219049164,3.521705063197026,0.5050505050505051,8.189183095358679,813.4646290763493,0.028462998102466792,0.38282732447817835,grok-3-fast
173,44,23.5,14,5.927051671732523,0.7021276595744681,73.7243743128759,0.010526791551132574,4.326466553333334,0.5227963525835866,8.288177347599293,819.4583466514727,0.02700385769395628,0.3819117016716674,grok-3-fast
174,52,21.529411764705884,17,5.737704918032787,0.6912568306010929,78.38394696766102,0.010597944777470726,4.363568487951808,0.5109289617486339,8.460369400336795,902.9449566811237,0.02578341927806426,0.38278460928203095,grok-3-fast
175,43,19.625,16,6.063897763578275,0.7060702875399361,81.04604517755617,0.010540660179084537,4.625717753521127,0.5047923322683706,8.218880143534802,793.0360036755641,0.022636484687083888,0.3808255659121172,grok-3-fast
176,45,22.666666666666668,15,5.9144542772861355,0.7109144542772862,64.56609322926184,0.010052453798684418,4.008795419871795,0.5191740412979351,8.35130876319886,858.3121483206938,0.019254918375889492,0.3792381749686061,grok-3-fast
177,46,18.68421052631579,19,5.977464788732394,0.7183098591549296,63.95556437214838,0.009595048917223245,4.2449750975609755,0.5211267605633803,8.439356962512376,902.964139019349,0.02050473186119874,0.38761829652996843,grok-3-fast
178,40,23.0,13,5.832775919732441,0.7190635451505016,66.44220981868212,0.01014940659863626,4.100513128205129,0.5050167224080268,8.192322882878269,798.3461320361693,0.02390057361376673,0.382887189292543,grok-3-fast
179,48,22.714285714285715,14,5.864779874213837,0.6981132075471698,70.80416122779954,0.010824115084641605,4.118776663120567,0.5188679245283019,8.249175347167283,785.6443146430361,0.02780269058295964,0.3820627802690583,grok-3-fast
180,53,15.5,22,5.410557184750733,0.6656891495601173,90.29850104488266,0.011964782449414459,4.483783891025641,0.4633431085043988,8.352009244948507,832.695074227867,0.02631578947368421,0.38269402319357715,grok-3-fast
181,62,17.5,22,5.447916666666667,0.6692708333333334,65.37543402777777,0.0113404349913912,4.080513086350975,0.4583333333333333,8.549868989235662,899.3487344063702,0.025560361777428233,0.3834054266614235,grok-3-fast
182,50,19.5625,16,5.437699680511182,0.7124600638977636,71.65531953985445,0.010267813921860778,4.269484486013986,0.4696485623003195,8.266171449631479,886.081725889236,0.027171276079573023,0.38185346918971375,grok-3-fast
183,77,18.12,25,5.672566371681416,0.6327433628318584,73.81157490798026,0.01224520492650243,4.302596658823529,0.5066371681415929,8.723270402620148,961.1131266079122,0.02967741935483871,0.3893548387096774,grok-3-fast
184,52,18.523809523809526,21,5.541237113402062,0.6443298969072165,69.48134764587097,0.012369830569556303,4.194881122159091,0.4536082474226804,8.552895473193084,890.4690386393886,0.02653846153846154,0.38653846153846155,grok-3-fast
185,43,21.466666666666665,15,5.482866043613707,0.6791277258566978,87.14977533214933,0.011616676359557345,4.688081653333334,0.470404984423676,8.257069071443102,815.5995525765304,0.024459078080903106,0.38005644402634053,grok-3-fast
186,50,19.72222222222222,18,5.519774011299435,0.6497175141242938,79.31948035366594,0.012517693758545825,4.5122583058103976,0.4604519774011299,8.410394380347205,862.9011981661215,0.025,0.3826271186440678,grok-3-fast
187,49,18.9375,16,5.448844884488449,0.6765676567656765,76.02740472067009,0.011968202509032138,3.9573275927272733,0.47194719471947194,8.18292497938414,756.2590304703649,0.021467798302546182,0.381427858212681,grok-3-fast
188,68,15.64,25,5.635897435897436,0.6461538461538462,66.92965154503617,0.012269105034680141,4.12015238,0.47435897435897434,8.527765740861959,936.0600007737518,0.026762156049754994,0.38522427440633245,grok-3-fast
189,55,18.944444444444443,18,5.770588235294118,0.6441176470588236,83.04498269896193,0.01294637476969559,4.739474625,0.43823529411764706,8.277945547269784,830.3220213874363,0.024649383765405864,0.3795155121121972,grok-3-fast
190,47,16.444444444444443,18,5.925675675675675,0.7263513513513513,61.176040905770634,0.009873982181479004,3.9384479007352944,0.5135135135135135,8.15455457644526,834.0349037290653,0.02099236641221374,0.39646946564885494,grok-3-fast
191,46,15.294117647058824,17,5.7,0.7423076923076923,42.89940828402367,0.0096371302831467,3.2397463025210085,0.5346153846153846,7.985920256798523,770.8425849991361,0.027359017308766054,0.3813512004466778,grok-3-fast
192,57,15.083333333333334,24,5.412742382271468,0.6537396121883656,87.93671012346437,0.01225662735023902,4.679194290519878,0.4515235457063712,8.411978408823666,881.9387984677462,0.02067510548523207,0.3856540084388186,grok-3-fast
193,62,13.392857142857142,28,5.792,0.7013333333333334,56.035555555555554,0.010099277719603018,3.9199601339285715,0.4826666666666667,8.488070930475871,967.1187263069784,0.025210084033613446,0.38464476699770817,grok-3-fast
194,61,18.38095238095238,21,5.4609375,0.6458333333333334,83.82161458333333,0.012347133408739917,4.729357920454546,0.4713541666666667,8.509373493140814,908.083440693582,0.022309197651663407,0.38082191780821917,grok-3-fast
195,41,19.071428571428573,14,5.550561797752809,0.6853932584269663,79.11458990868157,0.012101044289625508,4.454937676470588,0.449438202247191,7.999812933613358,742.7273194100309,0.024608501118568233,0.37975391498881433,grok-3-fast
196,63,15.384615384615385,26,5.449748743718593,0.6532663316582915,61.867124567561426,0.011880546795523366,3.9076153051771123,0.4396984924623116,8.563701053555233,928.3760192085458,0.026525198938992044,0.38537324744221296,grok-3-fast
197,51,18.6,20,5.610215053763441,0.6451612903225806,78.18822985316221,0.012509665808278354,4.45895405730659,0.4381720430107527,8.473941448043544,857.1061541123142,0.023496614894464356,0.3859020310633214,grok-3-fast
198,57,21.529411764705884,17,5.7190082644628095,0.6804407713498623,77.71175314375915,0.011081472092418764,4.276322745454546,0.48760330578512395,8.414156522418414,906.1388373173982,0.023942537909018357,0.3854748603351955,grok-3-fast
199,44,18.41176470588235,17,5.463258785942492,0.6773162939297125,64.30605599730526,0.011799832604891893,3.9706800616438356,0.48242811501597443,8.222870888720175,835.0588502272782,0.02313253012048193,0.38506024096385544,grok-3-fast
200,55,20.22222222222222,18,5.8264462809917354,0.6859504132231405,76.64928776874682,0.01084935824913006,4.509365975460123,0.5482093663911846,8.429376895358544,933.181144613092,0.03314917127071823,0.39502762430939226,grok-3-fast
201,66,18.347826086956523,23,5.5663507109004735,0.6587677725118484,68.05777049033041,0.01142201250528657,4.294416542105264,0.5071090047393365,8.614327788851842,943.9880690163392,0.029235646354350123,0.39098274040154984,grok-3-fast
202,59,25.0625,16,5.720698254364089,0.6758104738154613,63.059309332653406,0.01090645894644259,4.098610271505376,0.5361596009975063,8.580081752263908,959.2563273347416,0.03228146536089953,0.38846572361262244,grok-3-fast
203,57,18.842105263157894,19,5.661064425770308,0.680672268907563,71.87188600930568,0.011134560935445983,4.493962332298136,0.5238095238095238,8.404076759605928,912.140511844,0.03661044837515426,0.3899629781982723,grok-3-fast
204,55,18.36842105263158,19,5.7701149425287355,0.6695402298850575,61.76509446426212,0.011713408617279096,3.587409361563518,0.5431034482758621,8.369627587448576,904.524661715239,0.03739094308267553,0.39343581221437474,grok-3-fast
205,71,23.36842105263158,19,5.486486486486487,0.6441441441441441,62.29202175148121,0.011836482119204359,4.083176937027708,0.481981981981982,8.704786675222081,1000.671591753366,0.0335707019328586,0.392675483214649,grok-3-fast
206,77,25.5,18,5.622270742358078,0.6222707423580786,64.64407619991991,0.012637150533162582,3.8995779901960783,0.4890829694323144,8.760000272996443,995.8300960362069,0.036655948553054665,0.37942122186495175,grok-3-fast
207,64,22.05263157894737,19,5.636363636363637,0.6746411483253588,53.34126965957739,0.01080445744377076,3.524632437994723,0.5143540669856459,8.634947008691274,995.021704751109,0.03790803790803791,0.3717093717093717,grok-3-fast
208,47,23.214285714285715,14,5.7446153846153845,0.6461538461538462,90.31952662721893,0.013054806237672077,4.706506034129693,0.5076923076923077,8.230251931883615,832.291321723398,0.032114183764495985,0.39072256913470116,grok-3-fast
209,80,23.0,19,5.826086956521739,0.665903890160183,59.06717844257445,0.010999687917825412,4.146492064935065,0.5148741418764302,8.720581371790313,1006.6995695415166,0.03332244364586737,0.38484155504737017,grok-3-fast
210,71,21.789473684210527,19,5.673965936739659,0.6666666666666666,58.962473582325465,0.011193438180189341,3.59824889701897,0.5012165450121655,8.631895282421723,989.9855230024855,0.03415154749199573,0.3806474564212024,grok-3-fast
211,68,21.105263157894736,19,5.565,0.6875,55.875,0.010437827444938982,3.746524787709497,0.495,8.598252736968805,1006.1952823016782,0.03562152133580705,0.38404452690166974,grok-3-fast
212,73,26.666666666666668,15,5.82,0.66,78.0,0.011575004877306401,4.388754925,0.5175,8.553139955013917,913.3494418044694,0.03535714285714286,0.3817857142857143,grok-3-fast
213,52,22.3125,16,5.685393258426966,0.6544943820224719,85.37432142406261,0.012281460157861909,4.757078367601246,0.5196629213483146,8.388549087619293,928.9776787222787,0.036050798852929125,0.3834494059811553,grok-3-fast
214,62,19.72222222222222,18,5.690140845070423,0.6788732394366197,61.73378297956754,0.011232627731605977,3.789067453416149,0.532394366197183,8.437224511941292,918.869690527383,0.04715047150471505,0.38704387043870436,grok-3-fast
215,63,21.529411764705884,17,5.865753424657535,0.6712328767123288,68.00525426909364,0.011452255507225001,4.258081865443425,0.5178082191780822,8.452849585253642,941.1331907013123,0.03156664068589244,0.39282930631332813,grok-3-fast
216,53,25.0,17,5.705882352941177,0.6423529411764706,63.11418685121107,0.012084197670662352,3.761245122395833,0.4988235294117647,8.647731775317915,977.1216430980581,0.02718513420509291,0.3888506538196834,grok-3-fast
217,53,30.076923076923077,13,5.680306905370844,0.6624040920716112,64.8870690275443,0.011561377267963451,3.8457492877492876,0.4859335038363171,8.536792429123132,931.9723364033505,0.031484257871064465,0.3853073463268366,grok-3-fast
218,58,20.9,20,5.824940047961631,0.6642685851318945,86.7219893150228,0.011238729099766585,4.518967147368421,0.513189448441247,8.632495817885108,941.4176757630183,0.023071625344352618,0.39084022038567495,grok-3-fast
219,60,22.733333333333334,15,5.882005899705015,0.696165191740413,54.29817004724985,0.01067012385982638,3.2501907176079734,0.5073746312684366,8.30765524987885,893.8511165852307,0.04329725228975854,0.37510407993338885,grok-3-fast
220,55,22.11764705882353,17,5.8111702127659575,0.6861702127659575,74.55296514259847,0.010711867601317837,4.592888850144092,0.5319148936170213,8.502746785383243,918.7925350356633,0.02408256880733945,0.3872324159021407,grok-3-fast
221,43,21.642857142857142,14,6.016501650165017,0.7227722772277227,52.064612401834246,0.009944669823317095,3.7143707173913043,0.5445544554455446,8.218537189656205,797.9478336419492,0.02933088909257562,0.38817598533455544,grok-3-fast
222,49,19.176470588235293,17,5.935582822085889,0.7085889570552147,54.386691256727765,0.010286604331645754,3.5464671220338984,0.5122699386503068,8.27428086944762,838.6815883958581,0.025108225108225107,0.38701298701298703,grok-3-fast
223,48,23.0,14,6.15527950310559,0.7204968944099379,64.04073916901353,0.009830853013057701,3.576930583333333,0.5434782608695652,8.253190312653995,823.2340754641841,0.028037383177570093,0.38700084961767206,grok-3-fast
224,45,26.916666666666668,12,5.835913312693498,0.6934984520123839,65.5618284465489,0.01096442140128147,3.994451621527778,0.5077399380804953,8.293649797369275,807.0132879511542,0.0282560706401766,0.37792494481236205,grok-3-fast
225,48,25.076923076923077,13,5.923312883435583,0.6993865030674846,68.8772629756483,0.010676953435685884,4.193171125,0.5184049079754601,8.313526677146585,830.1732104399807,0.03253796095444685,0.39392624728850323,grok-3-fast
226,54,21.4375,16,5.766763848396502,0.6822157434402333,69.69884996897551,0.011221228495192699,4.433775540983606,0.5014577259475219,8.339621849674893,850.40398768268,0.03359932801343973,0.38219235615287694,grok-3-fast
227,43,20.4375,16,5.691131498470948,0.709480122324159,65.08991947928064,0.010238232235988812,4.150691921501707,0.5045871559633027,8.318053307605311,837.4394592483965,0.030927835051546393,0.38682205289108024,grok-3-fast
228,50,21.4,15,6.009345794392523,0.7009345794392523,57.64695606603197,0.010667838687199652,3.722962817869416,0.5233644859813084,8.246928094887362,793.1600817943594,0.024793388429752067,0.3906046107003045,grok-3-fast
229,59,23.058823529411764,17,5.829081632653061,0.6862244897959183,60.5216576426489,0.010560657352453396,3.755416980225989,0.5331632653061225,8.565987353638718,901.9313771015832,0.03177501826150475,0.3933528122717312,grok-3-fast
230,44,21.2,15,5.789308176100629,0.6698113207547169,69.81527629445038,0.012070611329272016,3.9506699580419578,0.5251572327044025,8.217629605842362,800.5221181397653,0.02674524025385313,0.386219401631913,grok-3-fast
231,49,21.1875,16,5.817109144542773,0.672566371681416,72.2235274666945,0.011686148088723787,4.189158552980132,0.5073746312684366,8.347624998412362,826.8209374282483,0.03093220338983051,0.38389830508474576,grok-3-fast
232,54,22.647058823529413,17,5.987012987012987,0.6883116883116883,65.57598245909934,0.010538991255601097,4.020302541547278,0.5246753246753246,8.541329981184271,884.2445023837143,0.025893508388037927,0.3938730853391685,grok-3-fast
233,49,21.733333333333334,15,5.785276073619632,0.6901840490797546,66.24261357220821,0.011072472876720576,4.097840107266436,0.48773006134969327,8.313526677146585,832.5198267936346,0.028735632183908046,0.3885941644562334,grok-3-fast
234,52,20.8125,16,5.5843373493975905,0.6596385542168675,70.22064160255479,0.012346239652082504,4.3334440874125875,0.4608433734939759,8.304222150009634,844.989071709866,0.03263299061242736,0.380867232901207,grok-3-fast
235,53,25.76923076923077,13,5.943283582089553,0.6865671641791045,66.65181554912007,0.01112442185792938,4.235304239344262,0.5283582089552239,8.341788124809382,846.023523290425,0.02887029288702929,0.3916317991631799,grok-3-fast
236,48,20.0625,16,5.890965732087228,0.6947040498442367,67.74002581496686,0.010935889003047695,4.116313674740485,0.5264797507788161,8.294569071443101,819.6939192351792,0.02643171806167401,0.38898678414096916,grok-3-fast
237,51,19.705882352941178,17,5.901492537313433,0.7134328358208956,52.21652929382936,0.009988931568530156,3.7136031525974027,0.5313432835820896,8.333539958635239,862.2150637945458,0.024534686971235193,0.3819796954314721,grok-3-fast
238,64,20.894736842105264,19,5.740554156171284,0.6624685138539043,67.5088351553528,0.01149989036594212,4.17377348603352,0.5113350125944585,8.58895257967557,900.0668200723138,0.02662290299051787,0.387673231218089,grok-3-fast
239,56,22.928571428571427,14,5.585669781931464,0.7071651090342679,78.9976805349327,0.010402160529141325,4.619611039568345,0.4766355140186916,8.290678094887362,862.422085642601,0.034530386740331494,0.3839779005524862,grok-3-fast
240,40,21.5625,16,5.699708454810495,0.6676384839650146,75.3087574055028,0.011855022047493865,4.214377436708861,0.478134110787172,8.33156662306038,836.7099231127571,0.02,0.38595744680851063,grok-3-fast
241,47,19.27777777777778,18,5.763688760806916,0.6801152737752162,84.379074653888,0.011266914434924568,4.72947373801917,0.46397694524495675,8.349051232045866,868.7181671251506,0.021232306411323898,0.3850957535387177,grok-3-fast
242,51,22.75,16,5.763736263736264,0.6346153846153846,73.96449704142012,0.013075989657051389,4.35620561746988,0.44505494505494503,8.411512308231766,900.02295554762,0.02345924453280318,0.3856858846918489,grok-3-fast
243,50,17.63157894736842,19,5.617910447761194,0.6805970149253732,71.9982178658944,0.011382783310911347,4.41590416442953,0.46567164179104475,8.295351672700619,894.1608076532337,0.02559576345984113,0.3795233892321271,grok-3-fast
244,47,20.647058823529413,17,6.014245014245014,0.6923076923076923,63.96051980097564,0.01070560304461003,3.958552403785489,0.49002849002849,8.39191143325472,906.8966340756573,0.01950636942675159,0.3873407643312102,grok-3-fast
245,47,18.72222222222222,18,5.807121661721069,0.6646884272997032,77.83814245084486,0.01205775908844346,3.9641997585034012,0.44510385756676557,8.28888025759375,867.4804593016393,0.021340162185232606,0.38113529662825435,grok-3-fast
246,55,18.095238095238095,21,5.596306068601583,0.6701846965699209,75.60515451716432,0.011351850051718486,4.623885360703813,0.45646437994722955,8.50533825754296,905.9679536169588,0.023082942097026604,0.3900625978090767,grok-3-fast
247,47,17.105263157894736,19,5.975155279503106,0.6770186335403726,64.2336329616913,0.011697444022611903,4.0767767303754265,0.484472049689441,8.243080927925531,806.8047324927633,0.026155187445510025,0.38578901482127287,grok-3-fast
248,62,22.22222222222222,18,5.7819548872180455,0.6616541353383458,76.38142976488841,0.01151489466977172,4.479540338842975,0.49122807017543857,8.549300782598515,886.725118002284,0.021307331166486095,0.39219934994582883,grok-3-fast
249,42,19.5625,16,5.731629392971246,0.6837060702875399,82.06677622513244,0.011515457466598373,4.912186835664336,0.4792332268370607,8.24694068040071,837.2767137044508,0.022304832713754646,0.36988847583643125,grok-3-fast
250,42,17.157894736842106,19,5.6871165644171775,0.6932515337423313,82.42688847905454,0.01094005012650275,4.760187636363637,0.46319018404907975,8.286588561755313,823.0179833634859,0.022361359570661897,0.3877459749552773,grok-3-fast
251,49,22.470588235294116,17,5.853403141361256,0.6649214659685864,64.41709382966475,0.011544812689856548,4.132307209770115,0.44502617801047123,8.515904405341091,906.5407254064509,0.021730985387785687,0.39040839265642563,grok-3-fast
252,56,18.181818181818183,22,5.8025,0.6725,60.5,0.011052344541480023,3.980658356353591,0.465,8.561273069043581,961.440034503686,0.02159827213822894,0.38228941684665224,grok-3-fast
253,49,23.733333333333334,15,6.047887323943662,0.7070422535211267,63.0033723467566,0.010053569673243019,4.154734905660377,0.5126760563380282,8.41675809245588,924.4617834522146,0.020784313725490194,0.38941176470588235,grok-3-fast
254,45,16.68421052631579,19,5.555555555555555,0.6571428571428571,85.86545729402873,0.012687437409661642,4.746395462897526,0.4507936507936508,8.19667524729238,757.9205020422845,0.025130393551446185,0.3793266951161688,grok-3-fast
255,57,17.523809523809526,21,5.926430517711172,0.6893732970027248,69.49342559526019,0.010666394483012319,4.183600654434251,0.4822888283378747,8.466519510415191,875.6132929132997,0.023488640739314594,0.391990758567578,grok-3-fast
256,47,18.27777777777778,18,5.966565349544073,0.6778115501519757,76.86551306806109,0.011575956270349927,4.223074163194444,0.47720364741641336,8.282079786623683,855.264925977485,0.02220324508966695,0.3821520068317677,grok-3-fast
257,52,17.19047619047619,21,5.911357340720222,0.6814404432132964,67.5255714735154,0.01105994145412752,3.8434157350157734,0.44321329639889195,8.441853096329677,873.400047645322,0.020416175893207697,0.38712210443659206,grok-3-fast
258,44,18.176470588235293,17,5.964169381107492,0.6872964169381107,54.32418381096882,0.011433730857852018,3.7853472964285717,0.48534201954397393,8.192028365568468,816.7241676935939,0.024736601007787448,0.3879981676591846,grok-3-fast
259,57,18.75,20,5.903485254691689,0.6836461126005362,59.65686521142249,0.010845968564644629,3.74987992920354,0.4745308310991957,8.50487147911297,913.3644353439383,0.02127659574468085,0.3879179331306991,grok-3-fast
260,45,28.0,12,5.907738095238095,0.7291666666666666,66.60997732426304,0.009334051890801706,4.196597527868852,0.5059523809523809,8.370106837583942,889.8515148532292,0.021996615905245348,0.3895939086294416,grok-3-mini
261,36,31.125,8,5.6546184738955825,0.7349397590361446,58.38615506201513,0.010116413035542738,3.831114789699571,0.5461847389558233,7.870507247878153,753.8342055422786,0.04373522458628842,0.3888888888888889,grok-3-mini
262,56,26.142857142857142,14,6.1597796143250685,0.7024793388429752,55.85532257207689,0.010164041097123268,3.638115030120482,0.5151515151515151,8.464611391220874,906.8316075437134,0.03093172387778197,0.3907959260656356,grok-3-mini
263,43,28.272727272727273,11,5.844660194174757,0.6990291262135923,71.21835757899477,0.010892904587533635,3.995803463768116,0.511326860841424,8.225374568285279,854.7517157353388,0.02688919796012981,0.39360222531293465,grok-3-mini
264,49,25.866666666666667,15,5.948186528497409,0.6658031088082902,69.26360439206421,0.011467109231416238,3.8242087881355933,0.5518134715025906,8.52245547972687,914.4207141636035,0.03149029659465397,0.3936287074331747,grok-3-mini
265,59,23.923076923076923,13,5.897106109324759,0.729903536977492,85.8138356716742,0.009556556888582923,4.350275294736842,0.5273311897106109,8.230963114951658,835.8179367480236,0.035876475930971846,0.38782924613987285,grok-3-mini
266,53,26.76923076923077,13,5.953890489913545,0.729106628242075,61.12499896187162,0.009233931938366581,3.85878660952381,0.5417867435158501,8.40572649353268,907.8433857458475,0.02920892494929006,0.38661257606490873,grok-3-mini
267,45,25.153846153846153,13,6.103975535168196,0.6880733944954128,86.41247930870017,0.011152123763767733,4.494099034364261,0.5351681957186545,8.29119782446984,859.9365074731604,0.0266384778012685,0.3949260042283298,grok-3-mini
268,57,30.5,12,5.773224043715847,0.6830601092896175,67.78345128251067,0.010940315644657394,3.818969005988024,0.5409836065573771,8.458301215399361,952.1839961818556,0.033543804262036306,0.38634569850039463,grok-3-mini
269,61,25.2,15,5.973544973544974,0.7063492063492064,52.21018448531676,0.009869853279605136,3.309658377906977,0.5291005291005291,8.501365607156393,914.5099505032676,0.030022238695329873,0.3899184581171238,grok-3-mini
270,50,22.916666666666668,12,6.1054545454545455,0.7381818181818182,68.49586776859505,0.009622289444464471,3.823621857723577,0.5527272727272727,8.04418212857307,820.2207795941798,0.03391521197007481,0.3830423940149626,grok-3-mini
271,54,30.416666666666668,12,5.802739726027397,0.6931506849315069,77.16269468943517,0.010529176040620264,4.101747059347181,0.5315068493150685,8.463838596242653,931.5383130700778,0.03269003544702639,0.3824340291453328,grok-3-mini
272,47,25.23076923076923,13,5.771341463414634,0.6951219512195121,75.29000594883998,0.010836672939671308,4.0326756416382254,0.5060975609756098,8.289676221515931,930.270548578085,0.031732040546496254,0.3843102688408991,grok-3-mini
273,75,24.352941176470587,17,5.932367149758454,0.6956521739130435,61.26163971154519,0.009994351207275693,3.3746210081743873,0.49033816425120774,8.633073576735844,979.7525355146864,0.03499830105334693,0.3910975195378865,grok-3-mini
274,56,31.0,12,5.905913978494624,0.696236559139785,65.18094577407793,0.01033490269255358,3.8173130692771085,0.5456989247311828,8.488079217579491,947.9323972727037,0.02744948532215021,0.385055280213496,grok-3-mini
275,59,23.5625,16,6.0828877005347595,0.6951871657754011,53.90488718579313,0.010359180792590439,3.1204170692771087,0.5427807486631016,8.469279072254363,949.5835546412454,0.029563932002956393,0.3917220990391722,grok-3-mini
276,61,27.533333333333335,15,5.800970873786408,0.662621359223301,69.63427278725611,0.011352293827645292,4.15965262368421,0.5194174757281553,8.63249607394406,936.829649494345,0.02799160251924423,0.38908327501749473,grok-3-mini
277,52,24.642857142857142,14,6.011594202898551,0.6956521739130435,59.987397605545056,0.01062773810360971,3.7526519688473523,0.5391304347826087,8.385567080283492,907.9116574796778,0.0340080971659919,0.38785425101214577,grok-3-mini
278,52,28.583333333333332,12,6.040816326530612,0.6763848396501457,84.82860032809458,0.011473105584200498,4.6279775987261145,0.5189504373177842,8.335981169856657,884.5613235945266,0.032454361054766734,0.38661257606490873,grok-3-mini
279,33,25.5,10,5.827450980392157,0.7215686274509804,56.286043829296425,0.010627630455941199,3.453374180257511,0.5254901960784314,7.95718862378004,755.8764217996807,0.034385569334836524,0.39177001127395716,grok-3-mini
280,56,27.333333333333332,12,6.121951219512195,0.6920731707317073,79.75163593099346,0.010967654512417635,4.786103250847457,0.5152439024390244,8.29810095393845,830.3468800728889,0.038493723849372385,0.3887029288702929,grok-3-mini
281,69,27.642857142857142,14,5.7979274611398965,0.6476683937823834,96.10996268356197,0.012245615320426107,5.058712121387283,0.49740932642487046,8.510105122578395,918.3055757653487,0.03684406401190919,0.3825828061034611,grok-3-mini
282,61,23.928571428571427,14,5.9640718562874255,0.6946107784431138,92.50959159525262,0.010790954438946758,5.016315562913907,0.5359281437125748,8.335069395593294,845.5360505799844,0.03610411418975651,0.38497061293031065,grok-3-mini
283,53,27.666666666666668,12,5.822289156626506,0.6807228915662651,95.62345768616635,0.011412600175113908,5.202749634228188,0.5271084337349398,8.328391334299663,862.167202848237,0.03503460207612457,0.38451557093425603,grok-3-mini
284,54,26.923076923076923,13,5.653295128939828,0.6418338108882522,117.40461900969615,0.012934705906689655,5.6836532302839124,0.504297994269341,8.402713610791258,892.3551275527643,0.038348082595870206,0.3860092709650232,grok-3-mini
285,65,25.642857142857142,14,5.698324022346369,0.6675977653631285,83.79888268156425,0.011684835934452398,4.682608691082803,0.5111731843575419,8.397119829843309,909.3766882353884,0.034552845528455285,0.3804878048780488,grok-3-mini
286,53,21.9375,16,5.6189111747851,0.66189111747851,102.13380842521818,0.0120370984784093,5.298288567398119,0.504297994269341,8.360314508773547,873.2654008832191,0.0283657917019475,0.3869602032176122,grok-3-mini
287,61,25.153846153846153,13,5.747692307692308,0.6646153846153846,120.04733727810651,0.01221269385914143,5.750414549828179,0.5169230769230769,8.269618868618688,861.2855882935263,0.03870106761565836,0.38389679715302494,grok-3-mini
288,54,24.46153846153846,13,5.962145110410095,0.7034700315457413,78.01848958592483,0.0106054737372665,4.659699450171821,0.5457413249211357,8.269746294056333,870.1385375009362,0.03190075321222862,0.39078422684980063,grok-3-mini
289,66,28.285714285714285,14,5.878172588832487,0.6802030456852792,93.5350047669355,0.010789439434909141,4.709836553008596,0.5228426395939086,8.553221022679887,891.5939431475365,0.03393501805054152,0.3916967509025271,grok-3-mini
290,56,27.0,13,5.896848137535817,0.6561604584527221,70.60697367016691,0.012290751726443606,4.302222537974684,0.5100286532951289,8.40412230330756,918.9204384343536,0.03054989816700611,0.38778004073319755,grok-3-mini
291,60,24.153846153846153,13,5.855769230769231,0.6634615384615384,96.15384615384616,0.01243961341108027,5.160415820143886,0.5064102564102564,8.22289295662578,835.0028490311747,0.04012767897856817,0.3816689466484268,grok-3-mini
292,52,24.5,12,5.732876712328767,0.6712328767123288,118.69018577594295,0.012370288304868854,5.605761542307693,0.5034246575342466,8.10408573808242,777.5850494049457,0.03272186415468518,0.3886960832920178,grok-3-mini
293,65,27.285714285714285,14,5.853018372703412,0.6587926509186351,91.34684936036538,0.011817199599441778,4.919784052173913,0.5144356955380578,8.499448009641045,878.1095523044576,0.027330587794833397,0.3919880194683639,grok-3-mini
294,57,30.09090909090909,11,5.872727272727273,0.6606060606060606,81.5426997245179,0.012328398944356084,4.5019780238095235,0.5242424242424243,8.284406463691694,851.418942184076,0.03234152652005175,0.3906856403622251,grok-3-mini
295,48,25.75,12,5.834415584415584,0.6818181818181818,87.28284702310677,0.011664486342955627,4.657911791366907,0.5064935064935064,8.20997758152653,847.2528648908394,0.028385295486272687,0.3838994881340158,grok-3-mini
296,69,25.0,15,5.946524064171123,0.6737967914438503,82.78761188481226,0.01124964765824781,4.473824679640718,0.4946524064171123,8.484050587011271,895.6210914727404,0.030827067669172932,0.38834586466165416,grok-3-mini
297,50,26.692307692307693,13,5.930434782608696,0.6898550724637681,81.49548414198698,0.010872803464786054,4.662471439490446,0.5246376811594203,8.389186593358598,869.1507303092435,0.028290282902829027,0.39073390733907337,grok-3-mini
298,56,26.615384615384617,13,5.608695652173913,0.6782608695652174,89.5610165931527,0.011369173648933311,5.085753865384616,0.48695652173913045,8.379753126795121,884.4727599169815,0.03516295025728988,0.38421955403087477,grok-3-mini
299,58,30.75,12,5.769647696476965,0.6666666666666666,73.14869896666447,0.011605435740863156,4.282913398809524,0.5365853658536586,8.456293240018526,893.8582998937646,0.034792806880375296,0.3940578577013292,grok-3-mini
300,45,24.0,14,5.916666666666667,0.6666666666666666,86.45124716553288,0.011982260624632745,4.845845306709266,0.47619047619047616,8.328315792807821,846.543306920011,0.021940928270042195,0.3860759493670886,grok-3-mini
301,60,24.1875,16,5.4909560723514215,0.6511627906976745,85.86556630544372,0.012083421746384429,4.491543668555241,0.4909560723514212,8.472600398650231,907.4455501903567,0.01982892690513219,0.3818040435458787,grok-3-mini
302,54,22.933333333333334,15,6.0175953079178885,0.6891495601173021,64.49892931777333,0.010946416446371062,3.934250884244373,0.5161290322580645,8.348347149366633,856.8955866168856,0.02536824877250409,0.38666121112929625,grok-3-mini
303,52,28.916666666666668,12,5.792507204610951,0.6887608069164265,85.70787897914607,0.010897722722464753,4.521257536507937,0.4697406340057637,8.360900554213815,899.0151435483242,0.02077274615704196,0.38637307852098046,grok-3-mini
304,49,25.5,12,6.0855263157894735,0.7171052631578947,73.5803324099723,0.010174045729212869,4.477980595744681,0.4769736842105263,8.216771343208924,846.297578267145,0.020463847203274217,0.3829013187812642,grok-3-mini
305,49,23.692307692307693,13,6.150326797385621,0.7189542483660131,73.04882737408688,0.010072140805423705,4.140874985347986,0.4934640522875817,8.191173998016925,827.2764181205176,0.023745519713261647,0.3875448028673835,grok-3-mini
306,50,27.25,12,5.874617737003058,0.7003058103975535,77.24751938201985,0.010626476728099585,4.338420892976589,0.47706422018348627,8.293513430304698,866.9742123882183,0.025250326512842838,0.390944710491946,grok-3-mini
307,54,28.384615384615383,13,6.0271739130434785,0.7010869565217391,78.2726843100189,0.010173867239842042,4.415863261904763,0.49184782608695654,8.457633834581188,899.9550757128013,0.024677296886864084,0.3906605922551253,grok-3-mini
308,39,33.5,10,5.961194029850747,0.6537313432835821,88.57206504789485,0.012574173782711659,4.6058877032258065,0.48656716417910445,8.327551934683143,823.8411575000606,0.021913190054782976,0.3944374209860936,grok-3-mini
309,32,31.333333333333332,9,5.99290780141844,0.6843971631205674,82.74231678486997,0.011913402257583451,4.28701942519685,0.42907801418439717,8.067682948327105,736.2606090282851,0.02493765586034913,0.39251870324189525,grok-3-mini
310,49,26.923076923076923,13,5.957142857142857,0.6971428571428572,80.9795918367347,0.010513213618323976,4.3018156833855805,0.48,8.377556972609394,864.7751382569269,0.022114997989545637,0.38801769199839165,grok-3-mini
311,49,23.214285714285715,14,5.913846153846154,0.6984615384615385,71.19526627218934,0.010727859804410095,4.354942246666667,0.4676923076923077,8.296640126341414,838.6155912168401,0.027886710239651415,0.3873638344226579,grok-3-mini
312,42,24.384615384615383,13,6.053627760252366,0.6876971608832808,72.24671357063957,0.011289228994439631,4.242825052264808,0.4952681388012618,8.23177161051203,822.8847408326296,0.023266022827041263,0.38762071992976294,grok-3-mini
313,49,24.571428571428573,14,5.9678362573099415,0.6812865497076024,79.34065182449301,0.011272495207352205,4.445897081761006,0.5116959064327485,8.297763486196235,847.0570252991878,0.02139917695473251,0.3921810699588477,grok-3-mini
314,49,25.846153846153847,13,5.973214285714286,0.6875,83.97108843537416,0.011072899925958469,4.710251223684211,0.4851190476190476,8.338002695786438,849.1980457103097,0.02258469259723965,0.38854035968214135,grok-3-mini
315,51,24.071428571428573,14,6.005970149253732,0.6925373134328359,72.88928491869014,0.010868297328713427,4.286468820261438,0.5194029850746269,8.359752196665669,847.3429821606506,0.023779724655819776,0.3884021693783897,grok-3-mini
316,37,29.09090909090909,11,6.04375,0.653125,94.53125,0.012802572520012127,4.729347445578232,0.490625,8.218635889613374,814.0868805926847,0.018300653594771243,0.3869281045751634,grok-3-mini
317,50,23.066666666666666,15,6.0318840579710145,0.6869565217391305,97.79458097038437,0.010996109498591342,4.977120950920245,0.4956521739130435,8.379753126795121,860.0760165455099,0.024222850222042795,0.38595074687121517,grok-3-mini
318,55,22.705882352941178,17,6.057291666666667,0.6875,77.03993055555556,0.010581527709490408,4.570778894886364,0.4765625,8.534203192891015,902.9198661148022,0.021361332367849383,0.3928312816799421,grok-3-mini
319,51,25.0,14,5.858789625360231,0.69164265129683,79.72825951548472,0.010775687937199156,4.623252352941177,0.4899135446685879,8.39994614671187,833.8509770792786,0.020172910662824207,0.3861671469740634,grok-3-mini
320,50,26.166666666666668,12,6.210191082802548,0.6815286624203821,68.96831514463061,0.011599181446602377,4.047144832191782,0.5923566878980892,8.2300990785551,816.8137886784875,0.02549697493517718,0.3915298184961106,grok-3-mini
321,45,25.416666666666668,12,6.252459016393443,0.6852459016393443,81.91346412254771,0.011551185987792489,4.245171921708185,0.5704918032786885,8.21503277660148,802.5472146517003,0.034100974313551816,0.3883968113374668,grok-3-mini
322,44,24.846153846153847,13,5.900928792569659,0.6470588235294118,71.69626853511488,0.013040789599121591,4.120174503401361,0.5263157894736842,8.291305426244543,812.3394852350015,0.032570422535211266,0.39436619718309857,grok-3-mini
323,54,28.0,12,6.217261904761905,0.6875,72.27891156462584,0.011072899925958469,4.123865644518272,0.5595238095238095,8.340256091315284,847.5201339991834,0.027081649151172192,0.40016168148746967,grok-3-mini
324,51,27.076923076923077,13,6.059659090909091,0.6761363636363636,68.1172520661157,0.011382658381164113,3.909793065420561,0.5340909090909091,8.360969911248255,819.9394705249784,0.02999210734017364,0.39187056037884765,grok-3-mini
325,54,30.545454545454547,11,6.252976190476191,0.6577380952380952,70.15306122448979,0.012380719122303289,3.7101004886731395,0.5744047619047619,8.26527276152793,835.342383586448,0.027721976697468863,0.3957412615508236,grok-3-mini
326,61,24.529411764705884,17,6.115107913669065,0.6378896882494005,75.79547872493372,0.012352006021369887,4.024332109090909,0.5707434052757794,8.605464297457615,926.4489327238231,0.026437541308658295,0.3952412425644415,grok-3-mini
327,53,27.23076923076923,13,6.129943502824859,0.6610169491525424,79.31948035366594,0.012017186240569178,4.367502212307692,0.5621468926553672,8.38531009430677,862.0267955426958,0.030959752321981424,0.3893188854489164,grok-3-mini
328,49,25.833333333333332,12,6.2052117263843645,0.6905537459283387,69.81506435081539,0.011289566081394118,4.0447828404255315,0.6026058631921825,8.18956141294702,808.697357526355,0.031014621178555603,0.40053167922020383,grok-3-mini
329,52,26.76923076923077,13,6.2844827586206895,0.6781609195402298,66.55436649491347,0.011339861281416017,3.99532508,0.5804597701149425,8.31782883110553,808.8503198118934,0.03209590100541377,0.3982985305491106,grok-3-mini
330,47,27.166666666666668,12,6.147239263803681,0.6840490797546013,70.00639843426549,0.011339093230440503,4.106602220779221,0.5552147239263804,8.230389600196881,797.9870217945456,0.02860748843079512,0.3988220445940261,grok-3-mini
331,60,22.764705882352942,17,5.925064599483204,0.6537467700258398,83.59540358819248,0.011971870025193322,4.545090427374302,0.5478036175710594,8.500462801505577,908.2380380787345,0.027767628790646693,0.3869199853854585,grok-3-mini
332,50,27.0,12,5.919753086419753,0.6481481481481481,93.35467154397196,0.012976510226277679,4.695301185810811,0.558641975308642,8.205359394941603,788.5696341408575,0.0314410480349345,0.39126637554585153,grok-3-mini
333,55,30.0,12,6.2027777777777775,0.6722222222222223,73.91975308641975,0.011463481373257561,4.083303828908555,0.575,8.359706329087675,851.7804497418737,0.03133257833144583,0.39713099282748204,grok-3-mini
334,40,24.76923076923077,13,6.158385093167702,0.7080745341614907,48.03055437676016,0.010352415775944456,3.2472870164473684,0.5714285714285714,8.307737898337257,868.9705086831027,0.027706734867860187,0.39855072463768115,grok-3-mini
335,57,23.466666666666665,15,6.3039772727272725,0.6789772727272727,66.18026859504133,0.011260709179257304,3.7122947906249997,0.5965909090909091,8.363120587892595,896.3583222494539,0.027057926829268292,0.3990091463414634,grok-3-mini
336,55,28.076923076923077,13,6.098630136986301,0.663013698630137,90.3734284105836,0.01180620302504628,4.857085204892966,0.5205479452054794,8.424649962983063,878.4994268726864,0.032929598788796366,0.3925056775170325,grok-3-mini
337,54,31.0,11,5.9208211143695015,0.6686217008797654,84.6225952649186,0.01183554101452714,4.437227734824281,0.533724340175953,8.320083500912409,860.3097508835057,0.03233830845771144,0.39054726368159204,grok-3-mini
338,42,30.88888888888889,9,6.359712230215828,0.7050359712230215,57.4504425236789,0.011035842651995927,3.784974034351145,0.5863309352517986,8.014068373722703,787.214757885059,0.033109404990403074,0.3939539347408829,grok-3-mini
339,42,29.454545454545453,11,6.074074074074074,0.6975308641975309,67.06294772138394,0.01077920112512736,3.9686225610561054,0.5462962962962963,8.26645951102058,824.4412148717807,0.030042918454935622,0.39785407725321886,grok-3-mini
340,48,29.0,11,5.8652037617554855,0.670846394984326,92.96292292725111,0.012011010067880894,5.037547263698631,0.5454545454545454,8.256279181699451,818.4456293451145,0.03127792672028597,0.387846291331546,grok-3-mini
341,59,19.823529411764707,17,5.741741741741742,0.6666666666666666,108.03596389181975,0.012019294121182559,5.42135243812709,0.5165165165165165,8.292178663261602,876.4154924726688,0.02608695652173913,0.3873913043478261,grok-3-mini
342,68,33.38461538461539,13,5.728110599078341,0.631336405529954,128.16156639554885,0.012469986711496553,5.823450879795397,0.5207373271889401,8.640395154660549,942.224988416998,0.02643908969210174,0.3862115127175368,grok-3-mini
343,47,26.384615384615383,13,5.871720116618076,0.6880466472303207,89.07853020425163,0.010971495066974033,4.729034772435898,0.5160349854227405,8.354958435925877,856.8121110525952,0.027870216306156406,0.391846921797005,grok-3-mini
344,46,24.76923076923077,13,6.065420560747664,0.67601246105919,80.16226550596365,0.01175470619319775,4.452387694158076,0.5514018691588785,8.290678094887362,844.7175887948587,0.023376623376623377,0.3874458874458874,grok-3-mini
345,53,29.166666666666668,12,6.114285714285714,0.6742857142857143,80.48979591836735,0.011484685286398968,4.42453158199357,0.5485714285714286,8.376152316461333,822.8956091636816,0.031053459119496855,0.38325471698113206,grok-3-mini
346,53,27.25,12,5.88,0.683076923076923,74.60355029585799,0.011393655980053425,4.421228590604027,0.5476923076923077,8.306655905655724,845.7063440609923,0.0284339457567804,0.3915135608048994,grok-3-mini
347,46,27.333333333333332,12,6.085626911314985,0.7003058103975535,75.19007939847937,0.010626476728099585,4.518948862876254,0.5443425076452599,8.330323246255617,853.843340561608,0.021591871295512276,0.3903471634208298,grok-3-mini
348,58,26.333333333333332,15,5.7735368956743,0.6564885496183206,84.2996717363013,0.011793008313139421,4.6365971232493,0.5114503816793893,8.54453184665519,914.6220106065884,0.02500919455682236,0.38837808017653547,grok-3-mini
349,51,29.545454545454547,11,5.925925925925926,0.6790123456790124,83.44764517604024,0.011584403760508748,4.809096300675677,0.5,8.28351763796896,835.1691467497033,0.023549934583515047,0.3933711295246402,grok-3-mini
350,35,26.2,10,6.072519083969466,0.7251908396946565,99.64454285880777,0.010363015522858034,5.074987225,0.5381679389312977,7.966603314577547,777.699413135787,0.028616852146263912,0.3937466878643349,grok-3-mini
351,59,27.642857142857142,14,5.749354005167959,0.6563307493540051,84.66371545513424,0.011860758351383203,4.753100976811594,0.5142118863049095,8.509555482863936,894.2165021565572,0.02923538230884558,0.38568215892053975,grok-3-mini
352,49,24.714285714285715,14,5.939130434782609,0.6753623188405797,74.77420709934887,0.011494591998071577,4.3019470730158735,0.5246376811594203,8.362311266330003,840.8119697273096,0.02903885480572597,0.38936605316973416,grok-3-mini
353,55,29.727272727272727,11,5.908256880733945,0.7064220183486238,98.00895921592833,0.010367086420726642,5.143526006944445,0.5107033639143731,8.282747249309828,858.9194195080183,0.028102031993082578,0.38478166882836146,grok-3-mini
354,54,26.53846153846154,13,5.9681159420289855,0.6782608695652174,69.90128124343626,0.011369173648933311,4.0928462347266885,0.5101449275362319,8.354302872428367,851.5128562381353,0.02809446254071661,0.3941368078175896,grok-3-mini
355,37,30.7,10,5.758957654723127,0.6742671009771987,98.46258315738098,0.012017304526378026,5.164988939285714,0.498371335504886,8.205100260993305,809.8488592130542,0.025082820634169428,0.3951727401798391,grok-3-mini
356,50,28.46153846153846,13,5.989189189189189,0.6675675675675675,81.51935719503287,0.011556197924952634,4.538689516417911,0.5486486486486486,8.469184932877939,882.6942884657259,0.02882062950322336,0.39742131209708004,grok-3-mini
357,44,31.2,10,6.080128205128205,0.6762820512820513,76.84089414858646,0.011859318385653399,4.450194182456141,0.5416666666666666,8.214034797454836,804.5999274577829,0.025322079075966238,0.3998223011994669,grok-3-mini
358,45,35.666666666666664,9,5.517133956386293,0.6573208722741433,105.39493987830087,0.012596483841936379,5.196121885416667,0.4953271028037383,8.21096004799884,818.9817982231675,0.026204960224613945,0.3827795975666823,grok-3-mini
359,52,27.785714285714285,14,5.796915167095116,0.6786632390745502,86.04225454497393,0.010899426499457444,4.92887433045977,0.5115681233933161,8.52774789373352,907.8831468764979,0.029324424647364514,0.3860430586488493,grok-3-mini
360,45,29.636363636363637,11,5.806748466257669,0.6779141104294478,91.0835936617863,0.011608115601676358,4.623116622073579,0.4815950920245399,8.244712744910892,828.7005955714131,0.025607064017660046,0.38675496688741723,grok-3-mini
361,62,29.928571428571427,14,5.913461538461538,0.6923076923076923,71.19082840236686,0.01011089429945221,4.2869554315789475,0.53125,8.659594574416634,977.2334935933544,0.024855294518215866,0.38985359210078313,grok-3-mini
362,56,28.642857142857142,14,6.072319201995012,0.6708229426433915,75.99455227268487,0.011112636000367082,4.3601342204301075,0.5187032418952618,8.581968971019316,901.2055010412739,0.028017986855759253,0.3898305084745763,grok-3-mini
363,55,25.066666666666666,15,6.002673796791444,0.6737967914438503,82.50164431353484,0.01124964765824781,4.640316739002933,0.5133689839572193,8.477979105760626,889.5080011379596,0.03179947624392069,0.3984287317620651,grok-3-mini
364,45,26.818181818181817,11,5.965986394557823,0.7108843537414966,68.95275116849461,0.010563869644525553,4.256386486792453,0.46258503401360546,8.146975284456378,818.9421251352147,0.03107074569789675,0.39101338432122373,grok-3-mini
365,33,32.44444444444444,9,6.013698630136986,0.6883561643835616,84.20904484893977,0.011588602296550453,4.703709222222223,0.476027397260274,8.178002490674608,779.571182727788,0.01874098990869774,0.3978856319077367,grok-3-mini
366,55,27.357142857142858,14,5.7539267015706805,0.6465968586387435,104.16381129903237,0.012335406490539222,5.24665802359882,0.45287958115183247,8.510655061509071,891.8998539743246,0.026176024279210924,0.3880880121396055,grok-3-mini
367,69,26.25,16,5.559523809523809,0.65,91.26984126984127,0.011807228452720944,4.794135586206897,0.49047619047619045,8.661272095985357,962.5479049741267,0.026931254429482635,0.3876683203401843,grok-3-mini
368,48,27.75,12,5.981927710843373,0.6837349397590361,91.99448395993613,0.011281589146607821,4.761371617161716,0.48493975903614456,8.295899227042373,848.8968962437825,0.026615969581749048,0.38994507815800594,grok-3-mini
369,51,28.153846153846153,13,5.89344262295082,0.6994535519125683,58.52668040252023,0.010259609810208759,3.660073346268657,0.5109289617486339,8.489834845548202,898.474134494717,0.026029526029526028,0.398989898989899,grok-3-mini
370,58,27.142857142857142,14,5.971052631578948,0.6657894736842105,70.49861495844875,0.011528254192471743,3.9580465606936417,0.4868421052631579,8.502729499912517,929.7719091191599,0.024011821204285185,0.39970446989287034,grok-3-mini
371,44,29.833333333333332,12,5.9525139664804465,0.6927374301675978,60.54742361349521,0.010615880470224591,3.891264483383686,0.48044692737430167,8.429360095961872,862.2069150223372,0.02448657187993681,0.39454976303317535,grok-3-mini
372,58,23.5,16,5.89095744680851,0.6781914893617021,55.879357175192396,0.011044519212393153,3.4473276111111115,0.5159574468085106,8.470746785383243,883.9072279566205,0.026027913994718974,0.3945680875141456,grok-3-mini
373,63,22.352941176470587,17,5.741424802110818,0.6754617414248021,71.1496021330957,0.011129375930535274,4.082753978978979,0.49604221635883905,8.512626319717995,921.6213147052268,0.02754399387911247,0.3856159143075746,grok-3-mini
374,55,25.066666666666666,15,5.656,0.688,81.2088888888889,0.010645685150025511,4.336372361764706,0.5066666666666667,8.49341852405876,945.4142362037502,0.026253918495297807,0.3832288401253918,grok-3-mini
375,54,27.46153846153846,13,6.073239436619718,0.6816901408450704,67.129537790121,0.011112541292126634,4.032182024464832,0.49859154929577465,8.431574794427169,889.2767938235447,0.02809207959422552,0.3858759266484588,grok-3-mini
376,61,21.470588235294116,17,5.889807162534435,0.6611570247933884,69.97093398295502,0.011908936572217506,3.9693830906344414,0.509641873278237,8.434901757236998,912.7529022369462,0.02494154325798909,0.3893219017926734,grok-3-mini
377,53,26.923076923076923,13,5.951428571428571,0.6771428571428572,78.36734693877551,0.011361465435541394,4.433038321875,0.47714285714285715,8.363932653118955,865.758184522569,0.029790660225442835,0.3884863123993559,grok-3-mini
378,74,23.31578947368421,19,5.755102040816326,0.655328798185941,69.92971035730997,0.01139855590042563,4.358482665012407,0.4852607709750567,8.726814258979205,950.7914670240077,0.025884665792922673,0.38990825688073394,grok-3-mini
379,52,24.6,15,5.9375,0.6494565217391305,87.13374291115312,0.01236538879678658,4.546873492401216,0.4701086956521739,8.470589931317328,874.2085029521007,0.024568138195777352,0.3934740882917466,grok-3-mini
380,53,21.41176470588235,17,5.5989010989010985,0.6758241758241759,63.39814032121724,0.01126689548786662,3.8427048086419755,0.47527472527472525,8.444570159471434,928.4723146745812,0.033794788273615636,0.38436482084690554,grok-3
381,59,24.125,16,5.525906735751295,0.655440414507772,69.3978361835217,0.011909333992099785,3.8778824318840583,0.5103626943005182,8.499715512188784,952.6895116661916,0.03491078355314197,0.3805275407292475,grok-3
382,54,24.066666666666666,15,5.6011080332409975,0.6509695290858726,59.85221107879774,0.012379073358865865,3.8090173454545457,0.47645429362880887,8.400867297712555,932.2659913318058,0.03330592105263158,0.3840460526315789,grok-3
383,57,25.8125,16,5.576642335766423,0.6374695863746959,59.67286483030529,0.012429752914717554,3.4448577930107525,0.5182481751824818,8.565443788524561,974.1030636364052,0.04098657961552412,0.383025027203482,grok-3
384,60,26.5,16,5.570754716981132,0.6202830188679245,60.40850836596653,0.013048876641094758,3.5851006852791882,0.4882075471698113,8.565839112035402,942.3554960994653,0.03723217421847559,0.3793466807165437,grok-3
385,52,26.307692307692307,13,5.6911764705882355,0.6852941176470588,61.937716262975776,0.0111225692400444,3.868840019672131,0.4764705882352941,8.299612148945142,896.646279212688,0.03687821612349914,0.38036020583190394,grok-3
386,59,22.125,16,5.509915014164306,0.6458923512747875,60.83027710679004,0.01270134373375698,3.3071356708860757,0.5127478753541076,8.320923415506151,876.2045894544302,0.03862478777589134,0.38582342954159593,grok-3
387,74,20.428571428571427,21,5.63785046728972,0.6845794392523364,59.939732727749146,0.01032198011538915,3.430635944591029,0.46261682242990654,8.67811652080448,1027.532824498121,0.025737817433081674,0.38332189430336305,grok-3
388,53,23.866666666666667,15,5.653631284916201,0.6815642458100558,57.42642239630474,0.011086100443297015,3.7550434615384614,0.4692737430167598,8.451769059547306,933.3221750681339,0.031609195402298854,0.3916256157635468,grok-3
389,44,27.25,12,5.4495412844036695,0.6788990825688074,58.35647953314816,0.011552528398240709,3.7112221295681063,0.4892966360856269,8.29119782446984,852.6719664554804,0.037604456824512536,0.38254410399257194,grok-3
390,54,21.11764705882353,17,5.5966386554621845,0.6722689075630253,58.53321720845201,0.011494136015127653,3.755591953703704,0.47058823529411764,8.408317700629318,899.912538102323,0.03764997931319818,0.37980968142325194,grok-3
391,46,28.454545454545453,11,5.60702875399361,0.6964856230031949,59.40654696893915,0.010954594591411104,3.6418133931034484,0.5079872204472844,8.220451377495293,876.868487153301,0.04158790170132325,0.3752362948960302,grok-3
392,49,20.41176470588235,17,5.546242774566474,0.638728323699422,65.48832236292559,0.013114832469133255,3.6058417523809525,0.48554913294797686,8.360887334274228,859.1106797822222,0.035283993115318414,0.37263339070567986,grok-3
393,60,26.2,15,5.353689567430026,0.6463104325699746,61.767962239962706,0.012230859072620072,3.3643856878453042,0.49363867684478374,8.533077191053982,977.1541311981753,0.036575875486381325,0.3708171206225681,grok-3
394,43,26.142857142857142,14,5.6530054644808745,0.6502732240437158,65.84251545283526,0.012352161770310677,3.9681294082840237,0.4371584699453552,8.388411420866959,854.4955996329958,0.0249798549556809,0.387187751813054,grok-3
395,60,27.923076923076923,13,5.6005509641873275,0.6584022038567493,64.05148403645774,0.01202911194754677,3.632971486153846,0.4738292011019284,8.461171853934033,906.071987365231,0.034482758620689655,0.37809330628803245,grok-3
396,59,21.235294117647058,17,5.625,0.6861111111111111,53.7037037037037,0.01087321178320218,3.4500218703703704,0.5194444444444445,8.437700758057035,972.479058308762,0.038130381303813035,0.3813038130381304,grok-3
397,56,24.8125,16,5.816120906801007,0.6675062972292192,57.86471584744526,0.011288320298151187,3.0098373417366946,0.5214105793450882,8.531490742548895,914.1249430293221,0.033273056057866186,0.3786618444846293,grok-3
398,42,29.23076923076923,13,5.605263157894737,0.6526315789473685,52.35457063711911,0.012093944531863252,3.131748774928775,0.5052631578947369,8.441991900945093,896.9150551966151,0.031702544031311154,0.3843444227005871,grok-3
399,53,25.384615384615383,13,5.449848024316109,0.6808510638297872,59.49686348056651,0.011442770511672239,3.612073329896907,0.513677811550152,8.2797783003366,889.3849899500976,0.03913443830570902,0.3743093922651934,grok-3
400,57,23.72222222222222,18,5.714285714285714,0.6814988290398126,71.73845082241442,0.010452898640611089,4.042700410714286,0.5058548009367682,8.59439403921453,912.6462312378835,0.030748206354629312,0.38811069354287664,grok-3
401,52,22.0625,16,5.810198300283286,0.6713881019830028,62.27479556051328,0.011576427016567952,3.9081985875000003,0.49575070821529743,8.413977073182751,832.3454201593739,0.02684017893452623,0.3851159007726718,grok-3
402,42,24.285714285714285,14,5.823529411764706,0.7088235294117647,66.95501730103807,0.01012898915972675,4.08581731511254,0.5147058823529411,8.369743233047847,839.1805411497103,0.02244811520542143,0.38161795849216434,grok-3
403,50,23.4,15,5.76,0.6828571428571428,70.20408163265306,0.011116577848981459,4.281248806349207,0.5,8.391181292099834,860.283748540034,0.02399669011170873,0.37980968142325194,grok-3
404,48,23.133333333333333,15,5.815028901734104,0.7052023121387283,84.36633365631995,0.010218311921917318,4.302894602605863,0.49710982658959535,8.359830731443502,864.98774257401,0.022453222453222454,0.38503118503118505,grok-3
405,46,25.384615384615383,13,5.781155015197569,0.6869300911854104,71.50709989745106,0.011178173503635808,4.161912921501706,0.48936170212765956,8.288177347599293,812.2125626151035,0.022280471821756225,0.3835736129314111,grok-3
406,49,20.41176470588235,17,5.765895953757226,0.7052023121387283,83.19689932841057,0.010218311921917318,4.701933851265823,0.4884393063583815,8.36230827629067,879.513530976908,0.02383939774153074,0.38937682977833543,grok-3
407,46,22.714285714285715,14,5.852201257861635,0.7012578616352201,62.893081761006286,0.010688746944455922,3.7453374111498263,0.5220125786163522,8.289411585344455,832.6989282348321,0.026481149012567325,0.38061041292639136,grok-3
408,53,21.733333333333334,15,5.852760736196319,0.7085889570552147,68.50088448944258,0.010286604331645754,4.0677714,0.5061349693251533,8.301218984838894,874.0770589417451,0.027062418158009603,0.3876036665211698,grok-3
409,50,25.066666666666666,15,5.819148936170213,0.6569148936170213,80.63603440470801,0.011951094402431825,4.582650011764706,0.5,8.463400418710808,902.1796901443698,0.02173084254670225,0.38696149447197864,grok-3
410,54,22.41176470588235,17,5.897637795275591,0.6876640419947506,69.30236082694388,0.010602721322782619,4.1554643696275075,0.5223097112860893,8.506697713594107,898.4108270034465,0.025688756515264335,0.38905435591958304,grok-3
411,45,23.142857142857142,14,5.922839506172839,0.7314814814814815,60.39475689681451,0.009357016365064046,3.7211196860068263,0.5216049382716049,8.308285439826545,857.7682385600906,0.023184601924759404,0.38976377952755903,grok-3
412,48,20.9375,16,6.0359281437125745,0.7245508982035929,63.28660045179103,0.009541290396159504,3.791751133333334,0.5179640718562875,8.312217622396787,850.1283380675508,0.028785982478097622,0.38256153525239883,grok-3
413,43,26.23076923076923,13,5.935483870967742,0.7008797653958945,63.12295215899416,0.010450161980957155,3.9231485337620584,0.5395894428152492,8.35422950230781,859.56621386954,0.02518579686209744,0.3831544178364988,grok-3
414,52,21.0,17,5.735955056179775,0.6853932584269663,63.43895972730716,0.01094493910305653,3.690847911671925,0.45786516853932585,8.39769024958503,845.6890547317894,0.026905829596412557,0.3840195678760701,grok-3
415,48,24.923076923076923,13,5.996913580246914,0.6944444444444444,92.40207285474776,0.010911905965549334,4.968868033557047,0.5154320987654321,8.250220772637185,803.261186426816,0.02545297670405522,0.3908541846419327,grok-3
416,46,22.928571428571427,14,5.871875,0.69375,85.7421875,0.01098902477958041,4.698060567857143,0.490625,8.292334243858912,889.5758232290552,0.02900490852298081,0.38821954484605087,grok-3
417,42,24.384615384615383,13,5.892744479495268,0.6782334384858044,99.31435281473594,0.01170705066494885,5.0117753356890455,0.4952681388012618,8.222737582118759,813.5114249961282,0.03094170403587444,0.39282511210762333,grok-3
418,45,26.46153846153846,13,5.9563953488372094,0.7122093023255814,69.12520281233098,0.009948773253457983,4.01572244051447,0.5232558139534884,8.392910247222376,825.8200962184479,0.022979072630283134,0.39679934345506773,grok-3
419,49,20.833333333333332,18,5.965333333333334,0.68,57.88444444444445,0.010978635765786435,3.6830924957020055,0.5253333333333333,8.488070930475871,874.2146596800825,0.020645645645645645,0.38813813813813813,grok-3
420,55,17.181818181818183,22,5.470899470899471,0.6349206349206349,100.0811847372694,0.012896563910263148,4.94172063583815,0.455026455026455,8.441007815373466,838.4670296770233,0.0268,0.384,grok-3
421,58,15.181818181818182,22,5.700598802395209,0.6796407185628742,74.76065832407042,0.011436135585909809,4.58939953,0.47604790419161674,8.325324313017209,897.184221196536,0.02968136185072021,0.381492797904845,grok-3
422,46,23.1875,16,5.710810810810811,0.6297297297297297,121.11029948867787,0.013224790651905448,5.586599291291292,0.3918918918918919,8.42245021066158,805.9695520429218,0.027305104867431738,0.3802928373565493,grok-3
423,50,18.22222222222222,18,5.782874617737003,0.6880733944954128,77.43455938052352,0.011152123763767733,4.193609264026403,0.46788990825688076,8.268973553004084,829.3446582611587,0.0206140350877193,0.3912280701754386,grok-3
424,53,16.0,22,5.7920227920227925,0.6809116809116809,62.01248366490532,0.011188818879947916,4.0173823902439025,0.5242165242165242,8.41121111183233,865.3725653141377,0.020970394736842105,0.38692434210526316,grok-3
425,47,14.909090909090908,22,5.620795107033639,0.6941896024464832,86.78655930570753,0.010888142418099784,4.939293447712418,0.47706422018348627,8.287378460979543,826.5278161521259,0.02384165542060279,0.3900134952766532,grok-3
426,62,18.08695652173913,23,5.769230769230769,0.6466346153846154,58.015902366863905,0.01198745927094496,3.525381075129534,0.4879807692307692,8.635498188874465,932.8449824177931,0.02084056964223689,0.390413337964571,grok-3
427,56,18.05,20,5.7894736842105265,0.6731301939058172,85.02083317347166,0.011413761742302384,4.616530533333333,0.4903047091412742,8.411978408823666,903.5368001485119,0.02350597609561753,0.3880478087649402,grok-3
428,56,19.833333333333332,18,5.698591549295775,0.704225352112676,51.418369371156516,0.010169341618193826,3.5635196242424243,0.4591549295774648,8.414625641884795,865.2217363530631,0.022222222222222223,0.3802469135802469,grok-3
429,55,17.210526315789473,19,5.475460122699387,0.6809815950920245,82.6150777221574,0.011473301461913145,4.683747241721854,0.450920245398773,8.280434715601467,814.1537094503279,0.02722658052607291,0.37425011536686664,grok-3
430,61,14.958333333333334,24,5.646239554317549,0.6796657381615598,83.02232291804067,0.011156177802287047,4.745108948012232,0.49025069637883006,8.416776671119006,915.6999737800991,0.025682837342030168,0.3783122706889523,grok-3
431,67,17.333333333333332,21,5.531855955678671,0.6786703601108033,80.72375135242977,0.011177399831209738,4.465325534534535,0.45706371191135736,8.443214832428769,910.0226249568466,0.02639175257731959,0.38144329896907214,grok-3
432,55,18.68421052631579,19,5.665722379603399,0.6685552407932012,85.22658876967154,0.011699288592436307,4.663549411214953,0.48441926345609065,8.38127884873864,871.6881868790077,0.02826267664172901,0.38320864505403157,grok-3
433,51,17.38888888888889,18,5.729903536977492,0.6913183279742765,74.23413736417118,0.01120511121434998,4.472981773519164,0.49517684887459806,8.206738034292538,816.6124801182158,0.025210084033613446,0.38095238095238093,grok-3
434,49,18.5,20,5.624324324324324,0.6324324324324324,100.94959824689555,0.01310232222621031,5.127538912912913,0.45135135135135135,8.458344824476855,878.9002153066081,0.028044871794871796,0.391025641025641,grok-3
435,53,15.619047619047619,21,5.428134556574924,0.6666666666666666,97.2607992219136,0.012094901474212556,4.728798434782609,0.4525993883792049,8.266657947169227,810.903642827806,0.02688919796012981,0.3866481223922114,grok-3
436,58,15.04,25,5.486702127659575,0.625,80.77750113173381,0.013367555826193213,4.359457897660819,0.4441489361702128,8.43804101869927,838.5755538221897,0.027500996412913512,0.37744121163810285,grok-3
437,48,17.842105263157894,19,5.816023738872404,0.6617210682492581,72.02669742623428,0.012189847540628743,4.402095400651466,0.4836795252225519,8.248672593890396,833.0692398839457,0.02774221084080239,0.3879641485275288,grok-3
438,51,17.65,20,5.282051282051282,0.6695156695156695,68.34360110713386,0.011680190640811413,4.168273608695652,0.4358974358974359,8.386197147540434,861.3617884012878,0.021729490022172948,0.38492239467849226,grok-3
439,55,18.8,20,5.545454545454546,0.6657754010695187,97.94389316251537,0.011590880726285379,4.902037066666667,0.46524064171123,8.449855178158286,859.0012455387533,0.02358113509192646,0.38369304556354916,grok-3
440,40,23.0,14,5.67601246105919,0.7071651090342679,57.25876107568832,0.010402160529141325,3.809281877622378,0.5264797507788161,8.288319071443102,935.8530912696875,0.027472527472527472,0.3901098901098901,grok-3
441,61,17.2,20,5.545454545454546,0.6803519061583577,71.20681796682175,0.011324182402179306,4.248042298701299,0.5219941348973607,8.340244539066154,934.9423691405923,0.033595113438045374,0.37914485165794065,grok-3
442,58,22.176470588235293,17,5.617021276595745,0.6569148936170213,71.44069714803078,0.011951094402431825,4.31538886627907,0.5425531914893617,8.49741345204991,921.9647632123531,0.035770440251572326,0.38797169811320753,grok-3
443,52,20.61111111111111,18,5.764227642276423,0.7046070460704607,80.19917597549959,0.01002117618586594,4.482628202985075,0.5230352303523035,8.459676697893082,921.809482323095,0.02630545740086376,0.39183352964271695,grok-3
444,59,20.666666666666668,15,5.82258064516129,0.6645161290322581,63.05931321540062,0.01241925605535689,3.7694445126353795,0.49032258064516127,8.21724009100417,807.3837882813702,0.04141739530602853,0.3796594569719282,grok-3
445,58,23.25,16,5.595687331536388,0.6738544474393531,80.64457538088215,0.011277852212409505,4.678191394658754,0.522911051212938,8.432043926726681,949.0338641770443,0.0312,0.3868,grok-3
446,42,26.333333333333332,15,5.465822784810126,0.6379746835443038,70.75789136356353,0.012573243475689532,3.839800316526611,0.4936708860759494,8.516697060562146,925.9633277861609,0.027586206896551724,0.3823754789272031,grok-3
447,68,24.529411764705884,17,5.622596153846154,0.6538461538461539,76.96930473372781,0.011682511747868695,4.516565178378379,0.49759615384615385,8.611401803332296,971.6253795012003,0.03723404255319149,0.3854609929078014,grok-3
448,60,24.866666666666667,15,5.611260053619303,0.6890080428954424,70.58197787664685,0.010623167496161668,4.481407981927711,0.4906166219839142,8.488742446854904,972.8932472315757,0.032041139240506326,0.3872626582278481,grok-3
449,57,25.625,16,5.565853658536585,0.6487804878048781,71.38607971445568,0.011953889983178855,4.051759692098092,0.4902439024390244,8.589136067160998,926.8910835818498,0.03197674418604651,0.38335755813953487,grok-3
450,48,23.428571428571427,14,5.899390243902439,0.6951219512195121,82.16835217132659,0.010836672939671308,4.760494768166089,0.5365853658536586,8.27975233008524,911.9050024160567,0.03543647363872083,0.39325842696629215,grok-3
451,75,25.176470588235293,17,5.651869158878505,0.6635514018691588,64.63446589221766,0.011171771552647505,4.094914039787799,0.4929906542056075,8.652015239709101,1030.3165153558639,0.03850085178875639,0.3717206132879046,grok-3
452,61,24.823529411764707,17,5.685714285714286,0.6357142857142857,60.657596371882086,0.012416337224566538,3.9099107830687836,0.5166666666666667,8.63560410672005,948.317664765893,0.0349283967865875,0.3803702410059378,grok-3
453,61,20.63157894736842,19,5.582474226804123,0.6907216494845361,63.23732596450207,0.010413200994584131,4.098211870422536,0.48711340206185566,8.563231390505745,1025.124594388129,0.022988505747126436,0.38773946360153255,grok-3
454,63,25.928571428571427,14,5.842541436464089,0.6657458563535912,65.77943286224475,0.011720830622679507,4.112416910493827,0.5138121546961326,8.42728193131331,913.8367370583749,0.035108481262327414,0.39566074950690333,grok-3
455,55,23.11764705882353,17,5.581632653061225,0.6607142857142857,64.6865889212828,0.011623125154351356,3.9747193583815026,0.5076530612244898,8.522137616994916,969.2978202095361,0.03830109973454683,0.3799772468714448,grok-3
456,61,24.75,16,5.765151515151516,0.6388888888888888,72.56912559942863,0.01252259177142443,4.028345601694915,0.48737373737373735,8.568101532932406,945.5473104981203,0.03351548269581057,0.3843351548269581,grok-3
457,52,21.470588235294116,17,5.8708791208791204,0.6510989010989011,90.41782393430745,0.012338638662995923,4.399263651651651,0.5439560439560439,8.396333864693675,869.899225523303,0.02431372549019608,0.396078431372549,grok-3
458,72,23.57894736842105,19,5.729910714285714,0.671875,69.2562181122449,0.010670753136974674,4.181027228287841,0.5089285714285714,8.72637959500398,1028.6470909443044,0.03234152652005175,0.39036222509702456,grok-3
459,52,24.9375,16,5.736180904522613,0.6633165829145728,57.95308199287897,0.011454528622204854,3.636008807799443,0.5226130653266332,8.55552696665892,919.3527704552257,0.03145574250182882,0.39795171909290417,grok-3
460,46,20.0625,16,5.816199376947041,0.7102803738317757,63.858075911530364,0.010270197960922768,4.377403681506849,0.5015576323987538,8.303178094887363,826.0995268125403,0.029385574354407838,0.38557435440783616,grok-3
461,53,21.066666666666666,15,5.847619047619047,0.692063492063492,73.36860670194004,0.011122825852962969,4.318366165492958,0.5111111111111111,8.25003476163048,871.5086886933383,0.026721014492753624,0.3903985507246377,grok-3
462,48,20.5,14,6.034843205574913,0.7003484320557491,57.7887311974165,0.01112020638853792,3.616418845283019,0.5644599303135889,8.11092028782734,763.7534982138195,0.02739067755886593,0.3868332532436329,grok-3
463,61,20.833333333333332,18,5.810666666666667,0.696,61.15555555555556,0.010316583760574465,3.9580124464285715,0.5226666666666666,8.502095295443349,920.6295784320992,0.02448355011476664,0.3871461361897475,grok-3
464,52,22.5625,16,5.861495844875346,0.6897506925207756,56.62939971301632,0.010710410002385512,3.523390396923077,0.5096952908587258,8.447408651885231,906.2307200326562,0.02491103202846975,0.38236457097667065,grok-3
465,57,20.0,18,6.002777777777778,0.7277777777777777,57.407407407407405,0.009171549495234962,3.4585040874999997,0.5166666666666667,8.459984880619709,915.8938313374605,0.025232919254658384,0.3951863354037267,grok-3
466,57,19.894736842105264,19,5.624338624338624,0.6772486772486772,72.08644774782341,0.011064278820094909,4.486407755882353,0.48412698412698413,8.503367961273536,906.3198096579977,0.02654176424668228,0.38095238095238093,grok-3
467,60,20.736842105263158,19,5.6811224489795915,0.673469387755102,93.7109537692628,0.01108686032854199,4.993557723646724,0.4897959183673469,8.550897495506007,906.5509122668524,0.02724897349757372,0.38671145949981334,grok-3
468,45,20.333333333333332,15,6.059016393442623,0.7147540983606557,56.75893576995431,0.010262730099607438,3.583656977859779,0.5278688524590164,8.21503277660148,833.3806763684872,0.03134938664243526,0.38482507950931394,grok-3
469,46,22.0625,16,6.005665722379604,0.6912181303116147,56.978227896861384,0.010730641582880104,3.7512029621451104,0.48441926345609065,8.41183250641524,864.7909058841683,0.023809523809523808,0.3873015873015873,grok-3
470,65,18.85,20,5.875,0.6888297872340425,67.76256224535989,0.010601842750288144,4.261335671686747,0.5053191489361702,8.502746785383243,945.7709607113217,0.027966742252456538,0.3869992441421013,grok-3
471,50,19.352941176470587,17,5.86322188449848,0.7264437689969605,53.21458597019614,0.009513350099604167,3.7278992847682115,0.5562310030395137,8.333161760715646,831.8595887454412,0.03034243606415258,0.3823146944083225,grok-3
472,54,22.764705882352942,17,5.69250645994832,0.6640826873385013,75.85014255286474,0.011530029235168208,4.517504304843305,0.5012919896640827,8.551006260066009,879.7462783882223,0.027578390630902908,0.38080846241027577,grok-3
473,45,20.2,15,5.702970297029703,0.66996699669967,71.88837695650753,0.012268508123743097,4.2572909999999995,0.49834983498349833,8.172179573762165,763.8216824364484,0.0327395281656235,0.3808377467501204,grok-3
474,54,20.75,16,5.924698795180723,0.7048192771084337,48.08390187255044,0.01038035871421308,3.478098440397351,0.536144578313253,8.346518222517187,798.5839735223703,0.028438030560271648,0.3921901528013582,grok-3
475,52,19.72222222222222,18,6.005649717514125,0.6751412429378532,71.65884643620926,0.011403448434514341,4.152028820189274,0.5225988700564972,8.423864316613956,886.0300080096144,0.021704814522494082,0.38792423046566693,grok-3
476,54,21.0,18,5.777777777777778,0.6798941798941799,58.229052938047644,0.01095359421530965,3.7357676607669617,0.5079365079365079,8.537200554117472,908.275460549401,0.02940053455517373,0.3864070255822833,grok-3
477,45,25.928571428571427,14,5.7190082644628095,0.6694214876033058,79.53312235806601,0.011551392091356534,4.575623133928572,0.5068870523415978,8.422497820784862,833.2379374814974,0.026052104208416832,0.38877755511022044,grok-3
478,43,24.916666666666668,12,6.023411371237458,0.6789297658862876,63.981387232805005,0.011916815383411277,3.9577414014598538,0.5217391304347826,8.158765835898404,760.0803785454159,0.027816411682892908,0.3857209086694483,grok-3
479,55,28.692307692307693,13,5.589812332439679,0.6246648793565683,83.37585981355433,0.013419043068977425,4.63943746627566,0.4879356568364611,8.436296815122843,883.5341476901697,0.027457222443294866,0.3879824910465579,grok-3
480,62,15.909090909090908,22,5.82,0.66,80.0,0.012108723078727948,4.329627029315961,0.4714285714285714,8.328144042816167,858.2713381286309,0.025714285714285714,0.386530612244898,grok-3
481,43,19.0,16,5.9769736842105265,0.7171052631578947,64.4909972299169,0.010174045729212869,4.039877227941177,0.5032894736842105,8.194477985115974,832.4723388467182,0.024356617647058824,0.38786764705882354,grok-3
482,35,17.933333333333334,15,6.011152416356877,0.7100371747211895,94.5260568538301,0.010940231612291795,4.88739812184874,0.4721189591078067,8.003570953509401,756.5288886498817,0.020228215767634856,0.3895228215767635,grok-3
483,48,20.0,15,5.6866666666666665,0.6933333333333334,68.44444444444444,0.011257580936446467,3.906230869888476,0.48333333333333334,8.141209408304583,855.9631218016208,0.021865889212827987,0.3843537414965986,grok-3
484,45,16.736842105263158,19,5.574132492113565,0.6561514195583596,79.01362338166366,0.01270509072786088,4.522788985611511,0.45425867507886436,8.23810072443608,780.3919902196711,0.025257249766136577,0.3807296538821328,grok-3
485,47,20.25,16,5.79320987654321,0.6851851851851852,53.3455265965554,0.01131358840566668,3.7984759965986394,0.4567901234567901,8.279662800514357,843.9897026168438,0.019102621057307864,0.38605064415815193,grok-3
486,50,17.3125,16,5.675090252707581,0.703971119133574,71.68085078653442,0.011097777027324495,4.427872387096775,0.48014440433212996,8.065046195908604,830.7986418512838,0.024775962045334738,0.38218239325250397,grok-3
487,51,18.0,19,5.803519061583578,0.6862170087976539,70.00283795288998,0.011071799916105376,4.240740592105263,0.47214076246334313,8.344685053784762,899.7842857625723,0.02448290417897847,0.39214858590122414,grok-3
488,64,16.333333333333332,24,5.705882352941177,0.6419437340153452,71.82056632282625,0.012442070845439525,4.26016934,0.46547314578005117,8.526536018866722,914.2453325669732,0.023065476190476192,0.38244047619047616,grok-3
489,49,20.5,18,5.630434782608695,0.6684782608695652,59.369092627599244,0.011538354939337025,3.81909066966967,0.453804347826087,8.481489113878636,844.5606790004218,0.01889827100924809,0.39244069159630074,grok-3
490,44,21.733333333333334,15,5.64,0.7107692307692308,64.18934911242603,0.010205697837245354,4.155275203333333,0.46153846153846156,8.284294447329069,857.4730417930269,0.019518837948252384,0.3881071266454834,grok-3
491,47,20.055555555555557,18,5.770083102493075,0.6731301939058172,65.5304977708888,0.011413761742302384,4.100620303951368,0.481994459833795,8.430741985218566,909.7549100595862,0.018444266238973536,0.38813151563753007,grok-3
492,48,17.85,20,5.722689075630252,0.6974789915966386,73.28421564704313,0.01042854003938866,4.242876215384616,0.4565826330532213,8.430789610741678,853.5644125213798,0.020841847159787496,0.3943604413567634,grok-3
493,42,18.866666666666667,15,5.850533807829182,0.7117437722419929,49.1381821405504,0.010696009525425116,3.3251345960784313,0.49110320284697506,8.086425874087823,841.1526119257062,0.020833333333333332,0.38363821138211385,grok-3
494,44,16.25,20,5.655384615384615,0.6676923076923077,51.50295857988166,0.012074619652720853,3.4005981966101695,0.42153846153846153,8.263446029112515,837.4995655449014,0.018995929443690638,0.3921302578018996,grok-3
495,62,14.461538461538462,26,5.831550802139038,0.6684491978609626,71.20592524807687,0.011476681693144758,4.51389676923077,0.4919786096256685,8.455217108453192,866.2255099838977,0.026205848841625523,0.377895936194455,grok-3
496,48,16.88888888888889,18,5.697368421052632,0.7039473684210527,52.371883656509695,0.010740647671292566,3.5161652116788322,0.46710526315789475,8.16558396695702,867.3755563456277,0.023980815347721823,0.37937649880095925,grok-3
497,53,18.41176470588235,17,5.636655948553055,0.7041800643086816,81.05788815252117,0.010645585426017918,4.69813347826087,0.45016077170418006,8.218059889145206,823.6423849354345,0.024917724494593323,0.37470615890926184,grok-3
498,47,18.42105263157895,19,5.782857142857143,0.68,72.48979591836735,0.011238764406644713,4.168204150641025,0.4942857142857143,8.356797337945105,912.7627834769252,0.021460998761865455,0.38175815105241434,grok-3
499,65,14.884615384615385,26,5.77720207253886,0.6787564766839378,78.25713441971597,0.010923908410115177,4.622956946745562,0.49222797927461137,8.536766583634213,904.6624738808864,0.026835631755497576,0.38874394334699963,grok-3
500,55,20.666666666666668,18,5.864864864864865,0.7054054054054054,71.73119065010957,0.009979622834221654,4.4341450089820365,0.527027027027027,8.476650752667,940.8793399275406,0.040863531225905934,0.3882035466461064,grok-4-0709
501,57,24.384615384615383,13,6.053627760252366,0.722397476340694,75.43114171700385,0.009804922782677836,4.094875173611111,0.5772870662460567,8.2658060646328,894.8846277425603,0.03530950305143853,0.3783783783783784,grok-4-0709
502,60,23.4,15,5.769230769230769,0.6866096866096866,67.69425572844376,0.010946208428291481,3.640836664536741,0.5356125356125356,8.397625718969005,908.363362979306,0.04026294165981923,0.3894823336072309,grok-4-0709
503,50,23.1875,16,5.816711590296496,0.7142857142857143,76.57602022653134,0.009613095084482373,4.322874310240964,0.5148247978436657,8.502314196996952,936.3489949259197,0.032158078264238665,0.38667183262301436,grok-4-0709
504,66,28.333333333333332,12,6.014705882352941,0.7176470588235294,73.70242214532873,0.009764877116467308,4.25089163961039,0.5588235294117647,8.375642938062597,937.2768921288576,0.037566353613719884,0.3801551653736219,grok-4-0709
505,68,27.076923076923077,13,6.028409090909091,0.7329545454545454,62.306301652892564,0.009035834142675565,3.9480078711656446,0.5823863636363636,8.424686515170192,940.96857288582,0.04282907662082515,0.38664047151277015,grok-4-0709
506,66,27.5,14,5.997402597402598,0.6909090909090909,68.00472255017709,0.010432716841520584,3.888405017142857,0.5142857142857142,8.520496647850939,969.8699766444604,0.03513219847881202,0.3846432452010141,grok-4-0709
507,59,22.2,15,5.933933933933934,0.7117117117117117,75.02998493989485,0.0100811381656643,4.404483758278146,0.5315315315315315,8.356967142190298,857.254841398185,0.036724356268467706,0.391304347826087,grok-4-0709
508,58,24.0,14,5.967261904761905,0.7291666666666666,73.69614512471655,0.009334051890801706,4.515521529801324,0.5416666666666666,8.370106837583942,902.3076577485944,0.04043351396415173,0.3814089203834931,grok-4-0709
509,60,25.23076923076923,13,5.844512195121951,0.7560975609756098,58.558893515764424,0.008331142366461148,3.493242665540541,0.5487804878048781,8.33479820164487,948.7759298648072,0.034258456201214225,0.3868169991326973,grok-4-0709
510,60,25.866666666666667,15,5.88659793814433,0.6907216494845361,63.50302901477309,0.010413200994584131,3.78479988700565,0.5489690721649485,8.53222363856776,952.5190679887468,0.03182150694952451,0.3847841989758595,grok-4-0709
511,58,27.583333333333332,12,6.063444108761329,0.7129909365558912,72.2884968191236,0.010048739477739032,4.071998532423208,0.5589123867069486,8.354201002124604,874.4486779548607,0.044258872651356994,0.3954070981210856,grok-4-0709
512,57,24.23076923076923,13,5.809523809523809,0.7365079365079366,58.856135046611236,0.009241944192682405,4.036477889679715,0.5079365079365079,8.27551246863685,860.9883698655016,0.045372050816696916,0.3761343012704174,grok-4-0709
513,61,24.923076923076923,13,5.62962962962963,0.6882716049382716,89.3537570492303,0.011179094280513741,4.513353167808219,0.5092592592592593,8.253766429069774,886.0473607194298,0.043478260869565216,0.3858695652173913,grok-4-0709
514,42,25.916666666666668,12,5.922829581993569,0.729903536977492,54.79678663371967,0.009556556888582923,3.5131809420289857,0.5176848874598071,8.269672792371013,844.8527459453957,0.028258887876025523,0.3878760255241568,grok-4-0709
515,87,22.22222222222222,18,6.045,0.71,56.25,0.009540745245692575,3.440604362162162,0.575,8.615182279580743,967.971624539469,0.042999656002751976,0.38183694530443757,grok-4-0709
516,69,26.25,16,5.940476190476191,0.65,73.12925170068027,0.011807228452720944,3.8141367832898174,0.5357142857142857,8.599519582904385,911.5559290802039,0.03352329869259135,0.3918873617163929,grok-4-0709
517,61,24.785714285714285,14,5.971181556195965,0.6887608069164265,74.0808411331379,0.010897722722464753,4.398707389937107,0.553314121037464,8.39776439092527,902.9006449023162,0.04230459307010476,0.3827558420628525,grok-4-0709
518,58,26.0,15,5.861538461538461,0.6974358974358974,83.36620644312951,0.010123489681007047,4.607692002857143,0.5230769230769231,8.53164691053889,904.6592352936659,0.03324808184143223,0.3905736207526489,grok-4-0709
519,53,29.666666666666668,12,6.050561797752809,0.702247191011236,87.74144678702184,0.0102411052473801,4.468063818181818,0.5617977528089888,8.443506200307539,905.842777082125,0.03702260327357755,0.3916601714731099,grok-4-0709
520,71,25.4375,16,5.482758620689655,0.6551724137931034,91.84886796573564,0.011721188298948434,5.004539869209809,0.5246305418719212,8.577827480488034,977.3383763398488,0.04407407407407407,0.3788888888888889,grok-4-0709
521,67,24.785714285714285,14,5.566473988439307,0.6676300578034682,84.36633365631995,0.01182010124597279,4.771993262135922,0.5057803468208093,8.38407574007133,905.3790781189289,0.04288164665523156,0.3850771869639794,grok-4-0709
522,43,22.46153846153846,13,5.855670103092783,0.7079037800687286,89.74858586932133,0.010732638169900407,5.096500191729324,0.5223367697594502,8.103134391716692,815.6572176446747,0.029931305201177625,0.38763493621197254,grok-4-0709
523,70,26.5625,16,5.696470588235294,0.6494117647058824,95.11418685121107,0.011785815689964653,4.860812590078329,0.5411764705882353,8.586943007603724,918.8871545584154,0.029512697323266987,0.3922443376801647,grok-4-0709
524,60,20.444444444444443,18,5.7554945054945055,0.6648351648351648,91.77635551261925,0.011738301343135386,4.944944943113772,0.5384615384615384,8.45215938124048,925.6799367459857,0.030604133545310015,0.3875198728139905,grok-4-0709
525,76,26.133333333333333,15,5.7698209718670075,0.670076726342711,80.84719487706124,0.011238112983112034,4.481887705882353,0.5140664961636828,8.525279031698329,962.5593455503042,0.03272058823529412,0.3845588235294118,grok-4-0709
526,68,25.142857142857142,14,6.1022727272727275,0.7244318181818182,65.69602272727273,0.009376011611739326,4.1512335279503105,0.5625,8.418988509472186,949.5586778505294,0.030397505845674203,0.38308651597817617,grok-4-0709
527,63,22.333333333333332,15,5.936936936936937,0.7117117117117117,65.83159736312889,0.0100811381656643,4.305711023728814,0.4894894894894895,8.342645191882577,937.1801583763504,0.03510998307952622,0.37944162436548223,grok-4-0709
528,62,24.5,14,5.770588235294118,0.6882352941176471,79.06574394463668,0.01099652187485706,4.872133748366013,0.5029411764705882,8.355717016227308,911.2361253642139,0.04202037351443124,0.38200339558573854,grok-4-0709
529,63,26.733333333333334,15,5.59,0.645,92.5,0.012215423397110832,4.939071667582418,0.505,8.585107091610817,930.3326042747033,0.04263997033741194,0.38190582128290695,grok-4-0709
530,54,24.46153846153846,13,5.867507886435331,0.7034700315457413,84.58637263780115,0.0106054737372665,4.735201943661972,0.5110410094637224,8.220664727586945,887.124485698785,0.03640449438202247,0.38696629213483147,grok-4-0709
531,72,21.88235294117647,17,5.727762803234501,0.7035040431266847,82.67885295805756,0.010047631940362092,4.584873,0.5148247978436657,8.486097980780736,953.7905058310118,0.04059328649492584,0.3840749414519906,grok-4-0709
532,77,25.055555555555557,18,5.988913525498892,0.6784922394678492,59.88171149601035,0.010385057413901616,3.789072949760766,0.5565410199556541,8.750970830091502,985.0569655341296,0.03314745972738538,0.3912639405204461,grok-4-0709
533,74,23.6875,16,5.89920424403183,0.6578249336870027,88.93329299439242,0.01190105704435966,4.8064965421686745,0.5172413793103449,8.485439915507426,951.5866503386894,0.04157303370786517,0.3808988764044944,grok-4-0709
534,46,24.75,12,5.865319865319865,0.7104377104377104,70.5143466086227,0.010545617530116623,4.300735888475836,0.5454545454545454,8.148642554818139,821.7122631845452,0.03788968824940048,0.3841726618705036,grok-4-0709
535,57,23.8,15,5.926966292134831,0.699438202247191,78.9041787653074,0.010357229927501316,4.396633854984895,0.5589887640449438,8.405450496069998,874.5073232652393,0.030507131537242473,0.39144215530903326,grok-4-0709
536,70,24.266666666666666,15,5.795580110497237,0.6850828729281768,79.6678978053173,0.010895979026893085,4.645371451410658,0.505524861878453,8.441811328814243,935.9668185766886,0.03333333333333333,0.37777777777777777,grok-4-0709
537,64,21.705882352941178,17,5.801630434782608,0.6521739130434783,105.74196597353497,0.012245769306773277,5.308640390769231,0.5217391304347826,8.454241157475366,912.2868957413506,0.036661466458658344,0.38962558502340094,grok-4-0709
538,59,23.8,15,5.752112676056338,0.6647887323943662,90.29954374132117,0.011840633935646803,4.709869307453417,0.5408450704225352,8.425925076913044,921.1832627922156,0.03178484107579462,0.3830480847595762,grok-4-0709
539,67,22.176470588235293,17,5.742627345844504,0.6836461126005362,94.44472396121586,0.010845968564644629,4.9399625462686565,0.5254691689008043,8.477989758682861,937.0896644927482,0.039162466072120976,0.3846452113222179,grok-4-0709
540,51,24.785714285714285,14,5.732558139534884,0.6686046511627907,88.73039480800432,0.011800815751430662,4.81432880877743,0.502906976744186,8.392910247222376,869.4473809456053,0.026215644820295984,0.39154334038054966,grok-4-0709
541,60,18.9,20,5.864721485411141,0.6684350132625995,90.34046535189863,0.01144639252710749,4.882398297450425,0.5464190981432361,8.496078213379766,912.0413163354629,0.028323262839879154,0.3878398791540785,grok-4-0709
542,55,21.625,16,5.95072463768116,0.6695652173913044,76.62255828607435,0.011747051662977008,4.421220550769231,0.4753623188405797,8.348488918939994,889.4231902758306,0.02893235533822331,0.39079054604726976,grok-4-0709
543,59,23.0,16,6.098092643051771,0.6730245231607629,74.24511281544892,0.01135463313817383,4.2811595303030305,0.5231607629427792,8.461055029540873,910.8430321988328,0.037176117161096506,0.3920390536988359,grok-4-0709
544,51,21.8125,16,5.85632183908046,0.6666666666666666,95.2899986788215,0.011838993980104531,5.171130657320872,0.4482758620689655,8.382567717119104,852.6316325777831,0.028735632183908046,0.3817733990147783,grok-4-0709
545,60,22.88235294117647,17,5.940874035989717,0.6683804627249358,81.15198815762518,0.011328718832582334,4.598232027322404,0.5012853470437018,8.532902532908778,930.6353731694704,0.027516292541636494,0.38522809558291093,grok-4-0709
546,48,20.11764705882353,17,5.756598240469208,0.6656891495601173,123.1499557107352,0.011964782449414459,5.758272673015873,0.5249266862170088,8.35422950230781,855.7728415549359,0.029736618521665252,0.3853016142735769,grok-4-0709
547,60,23.333333333333332,15,5.825214899713467,0.6590257879656161,86.20618878334332,0.012163649391505577,4.6223725093167705,0.4699140401146132,8.392628050433997,879.5280661126297,0.030699959066721245,0.38477282030290627,grok-4-0709
548,61,26.733333333333334,15,5.783042394014963,0.655860349127182,107.71077294295434,0.011740492133381105,5.16151354200542,0.4837905236907731,8.591968971019316,944.8085821801778,0.0312724658519051,0.38892882818116464,grok-4-0709
549,50,21.941176470588236,17,5.665768194070081,0.6549865229110512,113.04771107446183,0.01208923222898352,5.499674798245614,0.4743935309973046,8.46988176456452,890.7281397847701,0.03922345483359747,0.38114104595879555,grok-4-0709
550,65,19.5,24,5.9314775160599575,0.6723768736616702,76.84935966509086,0.010507251873285776,4.48983739201878,0.49678800856531047,8.78960484100157,979.0665096319534,0.02604482132041187,0.3924894003634161,grok-4-0709
551,49,20.875,16,6.026946107784431,0.6766467065868264,100.21872422819033,0.011566875945103763,5.172650797385621,0.47005988023952094,8.28101534153924,826.3949497144389,0.022935779816513763,0.3869891576313595,grok-4-0709
552,53,26.076923076923077,13,5.961538461538462,0.6686390532544378,108.53961696019047,0.011870724211215183,5.262649244372991,0.4822485207100592,8.346887014113124,872.663668054627,0.0327936903279369,0.38563719385637196,grok-4-0709
553,61,17.789473684210527,19,5.6875,0.6547619047619048,103.98951247165533,0.0125147415328096,5.098239186708861,0.4880952380952381,8.320092248025244,843.0493337879798,0.030775899436497615,0.3823146944083225,grok-4-0709
554,48,23.333333333333332,15,6.074498567335244,0.6962750716332379,74.87623254324677,0.010559823845076841,4.451292075,0.5272206303724928,8.391219357917695,877.5696536760186,0.026200873362445413,0.38427947598253276,grok-4-0709
555,60,21.210526315789473,19,5.835411471321696,0.6483790523690773,77.98458964807433,0.012059812366150155,4.317056019125683,0.47880299251870323,8.598856189774725,901.0884668139792,0.027113806635747414,0.38244737780948984,grok-4-0709
556,56,20.63157894736842,19,5.844961240310077,0.6718346253229974,117.38076638022555,0.011203138454552066,5.672302985795455,0.4883720930232558,8.531550884407132,936.3394576314922,0.031088082901554404,0.38156920799407845,grok-4-0709
557,68,21.72222222222222,18,5.589743589743589,0.658974358974359,91.12426035502959,0.011717144119823646,4.878949361344538,0.49230769230769234,8.55221246323812,950.9510348712954,0.029946929492039424,0.3756633813495072,grok-4-0709
558,60,22.266666666666666,15,6.1591591591591595,0.6816816816816816,101.18226334442551,0.01135906133447242,5.198123662162162,0.4594594594594595,8.330596999111492,840.1942491057532,0.034058268362741076,0.3873615100533443,grok-4-0709
559,50,24.214285714285715,14,6.135693215339233,0.7109144542772862,76.748374970632,0.010052453798684418,4.502291926517572,0.5634218289085545,8.35945931793899,882.9256486647736,0.026326447954637504,0.39449169704333736,grok-4-0709
560,54,23.5625,16,6.2148541114058355,0.6763925729442971,70.07718340380922,0.011110105453193752,3.9532285402985075,0.5437665782493368,8.512035660188277,923.0127752212359,0.02989913544668588,0.3987752161383285,grok-4-0709
561,59,27.928571428571427,14,6.148337595907928,0.6854219948849105,75.35272532230951,0.010602543072313994,4.510283207492796,0.5319693094629157,8.530407236826534,958.1274751636503,0.03470031545741325,0.3943217665615142,grok-4-0709
562,59,31.0,12,6.293010752688172,0.6720430107526881,71.68458781362007,0.011344431892961658,3.749117017804154,0.5456989247311828,8.448308631320291,817.6809707433282,0.03790613718411552,0.3938628158844765,grok-4-0709
563,43,29.25,12,5.8746438746438745,0.6780626780626781,87.8239624678371,0.011310886504139637,4.4610785,0.5384615384615384,8.30188350467093,891.7261438299139,0.03333333333333333,0.3910569105691057,grok-4-0709
564,52,26.833333333333332,12,6.192546583850931,0.6894409937888198,84.87326877821071,0.01115217258352572,4.729480735915493,0.5372670807453416,8.25942084224901,879.1973226608998,0.03550295857988166,0.3994082840236686,grok-4-0709
565,62,28.23076923076923,13,6.1498637602179835,0.6893732970027248,75.13605416923431,0.010666394483012319,4.2528725885885885,0.5613079019073569,8.398160084162038,942.5950922500712,0.03386676590993673,0.3922590249348716,grok-4-0709
566,59,26.357142857142858,14,5.964769647696477,0.6883468834688347,66.09822195782934,0.010689436727074678,3.947060613772455,0.5420054200542005,8.47803237045331,938.05216751453,0.03235629996193377,0.3924628854206319,grok-4-0709
567,64,26.066666666666666,15,6.125319693094629,0.6751918158567775,85.94920232075928,0.011024653360018021,4.458657534435262,0.578005115089514,8.541664568943363,927.0537642966302,0.031578947368421054,0.3887719298245614,grok-4-0709
568,62,25.846153846153847,13,6.226190476190476,0.7202380952380952,58.28373015873016,0.009698145500848764,3.802722575657895,0.5744047619047619,8.352196389822748,909.2390252085506,0.03580048270313757,0.39621882542236525,grok-4-0709
569,56,27.428571428571427,14,5.919270833333333,0.6796875,69.71571180555556,0.010904279713085033,4.12097472173913,0.5286458333333334,8.52375932866125,912.6300500658881,0.03248431155407899,0.38981173864894797,grok-4-0709
570,56,24.933333333333334,15,6.0828877005347595,0.6711229946524064,89.93680116674768,0.01136293854558124,4.268156366863906,0.5614973262032086,8.408274011926846,897.7950520787941,0.02809611829944547,0.38853974121996304,grok-4-0709
571,59,24.0,16,5.9140625,0.6822916666666666,70.39388020833333,0.010796285344656526,4.0087004215116275,0.5416666666666666,8.49173671115083,945.9829010379374,0.03541128734784212,0.3898930284028034,grok-4-0709
572,63,22.41176470588235,17,6.207349081364829,0.6955380577427821,63.51568258692073,0.010280344961960152,3.6395206109510085,0.5485564304461942,8.459397270301904,882.233705570577,0.02914001421464108,0.40440653873489696,grok-4-0709
573,58,24.666666666666668,12,5.986486486486487,0.7027027027027027,84.23119065010957,0.010896210515869195,4.747389925093633,0.5574324324324325,8.168113898479158,841.8403645100315,0.03764705882352941,0.3835294117647059,grok-4-0709
574,51,29.363636363636363,11,5.972136222910216,0.6873065015479877,69.58755475467032,0.011233095150320152,3.9877203435374153,0.5325077399380805,8.254038345499202,855.1533881336604,0.03431798436142485,0.39096437880104257,grok-4-0709
575,63,27.142857142857142,14,5.968421052631579,0.6710526315789473,101.66204986149584,0.011305102291141855,4.983085465714286,0.5631578947368421,8.478931214929261,950.3693809600269,0.029531192321889995,0.3827980804724991,grok-4-0709
576,73,29.0,15,5.995402298850575,0.6735632183908046,67.85572730875941,0.010706454852884179,4.083694165841584,0.5563218390804597,8.683210218619596,1015.4181496835496,0.03048780487804878,0.39537869062901154,grok-4-0709
577,67,26.9375,16,5.972157772621809,0.6334106728538283,78.27261911811414,0.01240938156327161,3.6716723421052633,0.5243619489559165,8.617344797248784,939.5419999710707,0.032888309996743734,0.3995441224356887,grok-4-0709
578,65,32.0,13,6.021634615384615,0.6947115384615384,76.04474852071006,0.010015588069455343,4.245810815303431,0.5504807692307693,8.642136472012208,905.4902123768996,0.03246318607764391,0.3965863453815261,grok-4-0709
579,52,25.733333333333334,15,5.867875647668394,0.6813471502590673,78.25713441971597,0.010816513040567311,4.656063622857143,0.5414507772020726,8.5152999277732,935.3404523170657,0.02477810650887574,0.3842455621301775,grok-4-0709
580,67,22.444444444444443,18,5.945409429280397,0.6823821339950372,91.12795473157276,0.010619471390842865,4.957457829131653,0.533498759305211,8.587346117859433,943.7181249916582,0.033531260915124,0.38840377226685296,grok-4-0709
581,52,27.0,13,5.92,0.6771428571428572,107.59183673469387,0.011361465435541394,5.410893704049845,0.5428571428571428,8.35896033938397,870.1743815806619,0.027125506072874495,0.38906882591093117,grok-4-0709
582,59,27.266666666666666,15,5.970588235294118,0.6838235294117647,86.86562860438293,0.010517556103338887,4.732186918032787,0.5367647058823529,8.589610629213446,965.6915844113466,0.022413793103448276,0.39448275862068966,grok-4-0709
583,58,26.1875,16,5.747016706443914,0.639618138424821,92.95914240634309,0.012258211161247541,5.017024099730459,0.4916467780429594,8.593066219375578,964.5154043771316,0.030492030492030493,0.3911988911988912,grok-4-0709
584,46,27.083333333333332,12,5.953703703703703,0.7037037037037037,76.96997408931566,0.010515543979259518,4.607467892361111,0.5339506172839507,8.279662800514357,867.5349439287957,0.030856149500217298,0.38374619730551934,grok-4-0709
585,51,26.5,12,5.873817034700315,0.668769716088328,77.6204360676293,0.012130743557827782,4.3922709372822295,0.5488958990536278,8.234160495012548,852.1859873437189,0.037236428891879766,0.38716913414087034,grok-4-0709
586,58,23.11111111111111,18,5.872289156626506,0.6457831325301204,91.0436928436638,0.012033292019411786,4.892297746031746,0.5132530120481927,8.631869143479213,904.8690225275237,0.026785714285714284,0.3914835164835165,grok-4-0709
587,44,26.76923076923077,13,5.7982708933717575,0.6657060518731989,101.3213298009285,0.01189279035529688,5.139059887459807,0.5043227665706052,8.360900554213815,869.5026124907017,0.0324729392173189,0.3909242298084929,grok-4-0709
588,58,23.25,16,5.913746630727763,0.7035040431266847,68.00299329414928,0.010047631940362092,4.235442594674557,0.5417789757412399,8.477327406462258,948.1896600631803,0.032024399542508575,0.3873427373236752,grok-4-0709
589,51,23.384615384615383,13,5.858085808580858,0.6963696369636964,96.94038710801773,0.011084556789298556,4.932953903914591,0.5511551155115512,8.18292497938414,861.770051377635,0.027712541099107563,0.3860967590418037,grok-4-0709
590,53,24.307692307692307,13,5.917460317460318,0.692063492063492,87.88107835726883,0.011122825852962969,4.961164665467626,0.5365079365079365,8.22611828072498,848.8253672442859,0.029134917077543704,0.3859255939040789,grok-4-0709
591,43,25.0,13,5.941538461538461,0.6984615384615385,85.96449704142012,0.010727859804410095,4.9587757294520545,0.52,8.264959069222616,808.0872415963485,0.026521739130434784,0.38304347826086954,grok-4-0709
592,48,24.142857142857142,14,5.8664688427299705,0.6706231454005934,92.45480720971392,0.011795342073355768,5.095125632107023,0.5311572700296736,8.3223478543135,867.1815264717068,0.024597116200169637,0.3884648006785411,grok-4-0709
593,37,23.416666666666668,12,5.882142857142857,0.7035714285714286,68.62244897959184,0.011073273047988377,4.338583750988143,0.5,8.078404869169104,772.646301890008,0.030565461029037188,0.38614365766683645,grok-4-0709
594,60,27.857142857142858,14,5.920512820512821,0.6897435897435897,101.38067061143984,0.0104350704001628,5.110276045454546,0.5282051282051282,8.517482964512345,919.4899475194088,0.02969938428105759,0.3868163708801159,grok-4-0709
595,42,25.25,12,5.903654485049834,0.6578073089700996,123.39819648789748,0.012859348829410328,5.7606603443223445,0.53156146179402,8.130452773814792,782.1441692294344,0.027830188679245284,0.39339622641509436,grok-4-0709
596,63,28.8125,16,6.03695652173913,0.6391304347826087,87.99621928166351,0.011908051108851587,4.700551150851582,0.5369565217391304,8.744268535116088,957.1154025089138,0.02483343428225318,0.3946093276801938,grok-4-0709
597,46,26.0,13,5.661721068249258,0.7091988130563798,85.23452702762198,0.010144235012183088,5.00217662,0.516320474777448,8.368507898969236,907.9356569545766,0.033624454148471615,0.38165938864628823,grok-4-0709
598,47,23.714285714285715,14,5.818181818181818,0.6757575757575758,86.13406795224977,0.011654088439766973,4.492850057432432,0.5484848484848485,8.304938036646599,859.5797837521391,0.03182214472537053,0.3805579773321709,grok-4-0709
599,54,25.375,16,5.970443349753695,0.6798029556650246,86.75289378533816,0.010698229205130236,4.847517815217392,0.49261083743842365,8.615469733569112,908.41948501662,0.024271844660194174,0.39424410540915394,grok-4-0709
600,51,23.23076923076923,13,6.1395348837209305,0.7043189368770764,78.58632906921557,0.010761807509323042,4.556049835164836,0.5049833887043189,8.188818690495882,829.085132795957,0.023604176123467997,0.38946890603722195,grok-4-0709
601,53,23.076923076923077,13,6.0602006688963215,0.6822742474916388,110.06588293195826,0.011765591927717733,5.361064893772894,0.49498327759197325,8.14952124696497,852.7713916875313,0.028637413394919167,0.3861431870669746,grok-4-0709
602,48,27.285714285714285,14,6.00261780104712,0.675392670157068,103.4785230668019,0.0111027705286106,5.321127588571429,0.4712041884816754,8.492925697986331,865.3808354440432,0.03044754218635363,0.39068231841526047,grok-4-0709
603,64,22.066666666666666,15,5.7477203647416415,0.7112462006079028,82.96301771047939,0.010142696319964953,4.911154314569536,0.5045592705167173,8.312567591501733,865.2461040818368,0.029798422436459245,0.3873794916739702,grok-4-0709
604,54,18.88888888888889,18,6.268436578171092,0.6755162241887905,73.7898208334421,0.011557212290827536,4.06812305960265,0.528023598820059,8.325406729168792,829.824516200966,0.025,0.3968253968253968,grok-4-0709
605,46,21.6875,16,5.988439306358382,0.6358381502890174,81.1921547662802,0.013247513653176678,4.472138607142857,0.47398843930635837,8.325337587878604,820.1359278401535,0.029995946493717066,0.3895419537900284,grok-4-0709
606,59,21.85,20,5.951834862385321,0.658256880733945,82.5898493392812,0.01132067315154814,4.75376786835443,0.47706422018348627,8.691308372345286,956.2318914092369,0.02554980595084088,0.38939197930142305,grok-4-0709
607,50,22.9375,16,5.94550408719346,0.6457765667574932,91.02450831174038,0.012539728818926175,4.960640295180723,0.45776566757493187,8.451465480348723,869.243434011451,0.028450595924644367,0.3886966551326413,grok-4-0709
608,54,25.0625,16,5.93,0.6425,105.625,0.012323605974677588,5.3110902633053225,0.45,8.576310663028545,890.6624008383644,0.02509720749381407,0.39307175680452455,grok-4-0709
609,46,23.533333333333335,15,6.0,0.6534090909090909,86.35717975206612,0.012377108824168741,4.667882238993711,0.4602272727272727,8.426837191814533,830.173699197268,0.02786624203821656,0.3885350318471338,grok-4-0709
610,34,26.181818181818183,11,5.96875,0.6805555555555556,71.61458333333333,0.012000510276232605,4.190875740310078,0.4895833333333333,8.130063721100777,790.1601187881205,0.024963289280469897,0.3901125795398923,grok-4-0709
611,55,20.705882352941178,17,6.116809116809117,0.6837606837606838,86.36293536578437,0.011067260934167975,4.816239784848484,0.5299145299145299,8.414768576111863,868.5025341417502,0.024676850763807285,0.39287113200156676,grok-4-0709
612,53,21.4375,16,6.0087463556851315,0.6822157434402333,70.37883874916064,0.011221228495192699,4.095994986754967,0.5102040816326531,8.359372982722155,845.0704118766903,0.02886178861788618,0.39186991869918697,grok-4-0709
613,53,21.235294117647058,17,5.95,0.6833333333333333,71.14197530864197,0.010990303939785898,4.299890818461538,0.5138888888888888,8.45441384997904,915.2245380628625,0.028169014084507043,0.39397496087636935,grok-4-0709
614,49,22.8,15,5.750733137829912,0.6627565982404692,96.1464039696941,0.012094594488512968,5.015696303797468,0.4780058651026393,8.329921671406368,839.0082198379073,0.03272418189545261,0.3880152996175096,grok-4-0709
615,45,22.846153846153847,13,6.097643097643098,0.67003367003367,73.00842317677335,0.012351782344042678,4.448545014814815,0.4882154882154882,8.159605772716235,800.6398370085245,0.02691415313225058,0.38979118329466356,grok-4-0709
616,58,25.823529411764707,17,5.612756264236902,0.6309794988610479,97.75789872406224,0.012438352590345408,5.101026868292683,0.489749430523918,8.689148303883531,965.5289797222272,0.028002699055330635,0.3869770580296896,grok-4-0709
617,55,24.933333333333334,15,5.997311827956989,0.6478494623655914,77.75465371719274,0.012390978455972482,4.495869485207101,0.48655913978494625,8.439561697363859,916.1197190754216,0.025949605114704778,0.3945092139902219,grok-4-0709
618,50,26.133333333333333,15,5.882352941176471,0.649616368286445,94.58336876394058,0.01210856428656778,5.084453134670487,0.4398976982097187,8.547048839379542,876.3243366638081,0.029905178701677606,0.3949671772428884,grok-4-0709
