,PunctuationCount,AverageSentenceLength,NumberOfSentences,AverageCharactersPerWord,UniqueWordRatio,AverageCoRoLaWordFrequency,RareWordRatio,WordNgramEntropy,CharacterNgramPerplexity,UppercaseRatio,VowelRatio,Model
0,58,27.23076923076923,13,5.790960451977401,0.7005649717514124,3.9601480857142857,0.5169491525423728,8.427391547486016,921.0628026845136,0.0337124289195775,0.3895207148659626,3
1,54,27.615384615384617,13,5.944289693593315,0.6935933147632312,3.756096232919255,0.5041782729805014,8.425841231168828,931.1863289251544,0.0294464075382803,0.3835885355319984,3
2,45,28.75,12,6.066666666666666,0.7333333333333333,4.2312034764890285,0.5362318840579711,8.375364245968589,868.7159612524889,0.0209508460918614,0.3936341659951652,3
3,53,24.714285714285715,14,5.826086956521739,0.6956521739130435,4.334233076158941,0.5159420289855072,8.354302872428367,897.5503705705801,0.0278586278586278,0.3879417879417879,3
4,54,29.666666666666668,12,5.963483146067416,0.699438202247191,4.254088741538461,0.5421348314606742,8.405450496069998,922.0238650197648,0.0229067930489731,0.3894154818325434,3
5,46,24.071428571428573,14,6.017910447761194,0.7223880597014926,3.7489701993464055,0.5343283582089552,8.341788124809382,914.1828108107258,0.0334168755221386,0.3847117794486215,3
6,55,24.76923076923077,13,5.947204968944099,0.7204968944099379,2.9772527,0.5527950310559007,8.25942084224901,868.2574477107347,0.037538192928852,0.3880401571366215,3
7,53,22.8125,16,6.013736263736264,0.7115384615384616,4.248420519637462,0.5659340659340659,8.454238961136246,918.854752365958,0.0253456221198156,0.3928571428571428,3
8,55,32.72727272727273,11,6.05,0.7027777777777777,3.960304815151515,0.5333333333333333,8.441169037995298,916.5390821639468,0.0258188824662813,0.3919075144508671,3
9,55,27.5,14,5.815104166666667,0.7005208333333334,4.4389262011494255,0.5625,8.553119935705208,947.7340437836313,0.0310861423220973,0.3883895131086142,3
10,67,23.53333333333333,15,6.059490084985836,0.7138810198300283,4.033696903125,0.5382436260623229,8.425340709546388,919.3288138123232,0.0344153304653891,0.3914743840438013,3
11,67,22.33333333333333,18,5.7675,0.6625,4.163431119318182,0.515,8.55626053771526,969.5048711445844,0.0368231046931408,0.3862815884476534,3
12,55,24.375,16,5.98974358974359,0.6794871794871795,4.274937960451978,0.5512820512820513,8.529706325700426,933.6671674670612,0.0276779295470884,0.3964773544212797,3
13,44,26.846153846153847,13,5.873925501432665,0.6762177650429799,4.065419312693499,0.501432664756447,8.37397797860735,872.8545404751277,0.0245499181669394,0.392798690671031,3
14,55,27.384615384615383,13,5.772471910112359,0.6741573033707865,3.529072063636364,0.5449438202247191,8.37728148198549,893.1665957670198,0.0413457640859343,0.3911633563032022,3
15,56,28.07692307692308,13,5.804945054945055,0.717032967032967,4.268081869436202,0.5521978021978022,8.448729319262968,944.9265090945024,0.0292374555511655,0.3907546424338206,3
16,41,28.3,10,5.787985865724382,0.7243816254416962,3.533647357976654,0.5053003533568905,8.09432125487339,780.825531090791,0.0310907237512742,0.3944954128440367,3
17,65,25.125,16,6.014925373134329,0.6741293532338308,3.700959123943663,0.5497512437810945,8.571985452623275,916.81598765692,0.036741767764298,0.394107452339688,3
18,47,25.384615384615383,13,5.6909090909090905,0.6787878787878788,3.9893595016835017,0.5181818181818182,8.286700954579729,881.7951245495711,0.0363797692990239,0.3873114463176575,3
19,48,25.071428571428573,14,6.037463976945245,0.6887608069164265,4.615108560897435,0.5273775216138329,8.374643003642033,870.3681639498747,0.0245374094931617,0.3954143201930812,3
20,41,27.818181818181817,11,5.970588235294118,0.6993464052287581,4.6704370892857145,0.5,8.195256334075406,874.0629543978494,0.0275862068965517,0.3875862068965517,3
21,54,25.285714285714285,14,5.96045197740113,0.672316384180791,3.87083417571885,0.5338983050847458,8.387731490828791,905.8387884155976,0.0417163289630512,0.3877632101708383,3
22,56,27.09090909090909,11,6.077181208053691,0.7449664429530202,3.573558486988848,0.5335570469798657,8.157905358167218,830.6129740789341,0.033271719038817,0.3840110905730129,3
23,50,26.454545454545453,11,6.027491408934708,0.7285223367697594,3.306950245283019,0.5326460481099656,8.138529779670106,823.1723097203366,0.0362422508345255,0.3934191702432045,3
24,58,24.857142857142858,14,5.867816091954023,0.6724137931034483,3.592424165625,0.5258620689655172,8.346572832405348,908.5223063573816,0.0343417825020441,0.3892068683565004,3
25,50,27.181818181818183,11,6.066889632107023,0.7290969899665551,3.005653681159421,0.5652173913043478,8.169655475152888,848.16706393421,0.0397779833487511,0.3894542090656799,3
26,56,27.923076923076923,13,5.900826446280992,0.6804407713498623,3.6026678123167155,0.5454545454545454,8.42041249619325,944.5731165182832,0.0394377196407653,0.3959390862944162,3
27,53,23.714285714285715,14,6.114457831325301,0.7168674698795181,3.637940878787879,0.5451807228915663,8.32611070740491,901.8987116788522,0.0331400165700082,0.3873239436619718,3
28,46,24.818181818181817,11,6.285714285714286,0.73992673992674,2.896756296442688,0.5934065934065934,8.033216931315916,818.3110682584635,0.0319253438113948,0.3953831041257367,3
29,43,28.25,12,5.810650887573964,0.7100591715976331,4.368754636655948,0.5118343195266272,8.346887014113124,877.0149143067392,0.0255972696245733,0.3899317406143344,3
30,42,26.33333333333333,12,5.879746835443038,0.7278481012658228,3.855701024305555,0.5253164556962026,8.246017899332792,876.0999838559446,0.0243682310469314,0.3944043321299639,3
31,47,26.818181818181817,11,5.952542372881356,0.711864406779661,4.211763454887218,0.5084745762711864,8.165658739394186,851.2639437172991,0.0357824427480916,0.3845419847328244,3
32,54,25.071428571428573,14,5.859598853868195,0.7048710601719198,4.292743107255521,0.5300859598853869,8.37180876164711,929.5860246905712,0.0339468302658486,0.387321063394683,3
33,56,25.125,16,5.705,0.675,3.4716810919220054,0.4925,8.525935060346566,948.514851177692,0.0241228070175438,0.3855994152046784,3
34,55,25.53846153846154,13,5.804216867469879,0.6927710843373494,3.435177859016393,0.5240963855421686,8.307983819187388,893.7814464740572,0.0357296599225139,0.391304347826087,3
35,46,23.142857142857142,14,6.12037037037037,0.7098765432098766,4.063018880546075,0.5308641975308642,8.28351763796896,890.7133030248159,0.0319013185878349,0.3925988940876223,3
36,56,22.571428571428573,14,6.174050632911392,0.7246835443037974,3.6594264892857145,0.5348101265822784,8.267461986641248,876.7409759526364,0.0353448275862069,0.3870689655172414,3
37,38,28.545454545454547,11,5.732484076433121,0.7070063694267515,4.280888822299652,0.5095541401273885,8.226121083354343,846.7539232473877,0.0241411327762302,0.3862581244196843,3
38,54,25.692307692307693,13,5.882882882882883,0.7027027027027027,3.6490956153846152,0.4924924924924925,8.306500613569323,856.0352055506447,0.0311566367904396,0.3858301323090055,3
39,56,25.53846153846154,13,6.081325301204819,0.6987951807228916,3.886423895270271,0.536144578313253,8.293618600147619,882.4897047712182,0.0403830141548709,0.3896752706078268,3
40,56,26.46153846153846,13,5.964809384164223,0.6979472140762464,4.311564198083067,0.5395894428152492,8.332141928765672,883.3291796530367,0.0222588623248145,0.3878812860676009,3
41,46,27.545454545454547,11,6.129139072847682,0.7119205298013245,4.165436841911765,0.5298013245033113,8.226975158487276,773.12845052572,0.0341530054644808,0.3943533697632058,3
42,55,25.90909090909091,11,5.697183098591549,0.6795774647887324,5.158449411290323,0.4929577464788732,8.099587968972648,821.1105794806758,0.0353846153846153,0.3769230769230769,3
43,56,24.642857142857142,14,6.1395348837209305,0.6627906976744186,4.0560161151315794,0.4912790697674418,8.3673857938633,870.289951714689,0.037125748502994,0.3916167664670659,3
44,50,30.4,10,5.752475247524752,0.6666666666666666,5.322131916363637,0.5214521452145214,8.173802835337241,821.1698139123686,0.034416826003824,0.387189292543021,3
45,53,24.76923076923077,13,6.006269592476489,0.7021943573667712,4.420861649305556,0.5235109717868338,8.245242153383957,825.5073650986479,0.0302101576182136,0.3914185639229422,3
46,64,29.46153846153846,13,5.741514360313316,0.6135770234986945,5.22072886510264,0.5039164490861618,8.46876449556369,914.2369516191624,0.0299015897047691,0.3890991672975019,3
47,53,26.75,12,5.665625,0.675,4.988117972125436,0.49375,8.264889455450877,843.0513999619897,0.0307057745187901,0.3881759853345554,3
48,52,24.714285714285715,14,5.852173913043479,0.6782608695652174,5.422227868589744,0.5043478260869565,8.317224711084869,836.6974160299789,0.0232172470978441,0.392620232172471,3
49,60,25.0,14,5.724137931034483,0.6379310344827587,4.946911132911393,0.5057471264367817,8.375391276209383,819.9503656913203,0.030859049207673,0.3874061718098415,3
50,62,28.07692307692308,13,5.771978021978022,0.6373626373626373,5.141787406727828,0.5054945054945055,8.45215938124048,877.4154798996586,0.0297265160523186,0.3856520015854142,3
51,43,23.3,10,5.840517241379311,0.7112068965517241,4.910412899521531,0.5086206896551724,7.796533078203228,725.652349904391,0.0357142857142857,0.3866995073891626,3
52,75,22.0,18,5.753180661577608,0.6463104325699746,5.308789002849004,0.5038167938931297,8.549633887471517,943.4800567152264,0.0423260949576739,0.3805668016194332,3
53,53,26.33333333333333,12,5.822222222222222,0.6761904761904762,4.888811505226481,0.5174603174603175,8.215783527547158,805.1214749191379,0.0268181818181818,0.3981818181818182,3
54,61,23.785714285714285,14,5.688821752265861,0.6435045317220544,4.850893704081633,0.4954682779456193,8.2913074036332,854.5972218867071,0.0352578228294402,0.3843102688408991,3
55,50,27.25,12,5.707692307692308,0.6615384615384615,5.094777452380953,0.5015384615384615,8.261116129414479,814.6237300050328,0.0319101123595505,0.3937078651685393,3
56,56,30.545454545454547,11,5.726190476190476,0.6755952380952381,5.335995120915033,0.4910714285714285,8.340256091315284,871.5084772226562,0.0341843357853743,0.3903072263089571,3
57,55,22.4375,16,5.969014084507042,0.7098591549295775,4.948845374233128,0.532394366197183,8.40545865742763,865.7722354842626,0.0320919175911251,0.3858954041204437,3
58,56,24.846153846153847,13,5.728125,0.65625,4.900122696113074,0.5,8.24844709652349,834.2469236045921,0.0358764759309718,0.3837420526793824,3
59,63,28.153846153846157,13,5.572602739726028,0.6575342465753424,4.76366274695122,0.4958904109589041,8.42672382974725,887.1128618133125,0.0362377850162866,0.381514657980456,3
60,51,23.466666666666665,15,6.014245014245014,0.6809116809116809,4.335828471518988,0.4786324786324786,8.395468897534252,834.1607415776142,0.0179354324432044,0.3858110801115982,3
61,51,22.8125,16,5.989041095890411,0.6520547945205479,5.038315751497007,0.4712328767123288,8.415734818758239,843.594840247977,0.028055342044581,0.3885472713297463,3
62,46,25.214285714285715,14,5.621082621082621,0.6723646723646723,5.302938373417722,0.4558404558404558,8.41121111183233,877.1192316619954,0.0287162162162162,0.3847128378378378,3
63,43,25.23076923076923,13,5.954128440366972,0.6758409785932722,5.2220507425742575,0.4464831804281345,8.29964839962985,808.4771397712722,0.0176952956409149,0.3927492447129909,3
64,54,25.4,15,5.502631578947368,0.6421052631578947,4.269472681034483,0.4868421052631579,8.500737712307863,888.1782662396583,0.0233570863024544,0.3891528107680126,3
65,48,26.5,12,5.860759493670886,0.6772151898734177,4.848454496503497,0.4778481012658228,8.258716312031204,846.1379540171298,0.0239061795218764,0.3829499323410013,3
66,55,27.53846153846154,13,6.189944134078212,0.6983240223463687,4.5910852993827165,0.4553072625698324,8.429360095961872,876.3187668935801,0.0262857142857142,0.3939047619047619,3
67,68,22.157894736842103,19,5.800475059382423,0.669833729216152,4.730852416666667,0.4655581947743468,8.664829118851449,960.984307957344,0.0303857972004096,0.3868214407647661,3
68,42,26.142857142857142,14,6.087431693989071,0.6830601092896175,3.7425959820359287,0.4726775956284153,8.42676758525052,846.1252001997942,0.0178165276724791,0.3927217589082638,3
69,52,28.166666666666668,12,6.095238095238095,0.7023809523809523,3.8471757612903215,0.5267857142857143,8.346226240569015,863.9793093055245,0.0234278668310727,0.3904644471845458,3
70,55,19.705882352941178,17,5.805389221556887,0.6766467065868264,4.881532572368421,0.4730538922155688,8.31104537156927,853.3750837464346,0.028804815133276,0.3865004299226139,3
71,42,25.923076923076923,13,6.106824925816023,0.6943620178041543,4.646142231511255,0.4807121661721068,8.307899184753163,883.924002004069,0.0217569786535303,0.3862889983579639,3
72,54,23.875,16,5.656167979002625,0.6325459317585301,4.599279495601173,0.4671916010498688,8.483658535956835,834.8661197864283,0.02240247199691,0.3831595210505987,3
73,46,24.142857142857142,14,6.0325443786982245,0.6627218934911243,4.930231123809524,0.4704142011834319,8.31497340134706,826.079096106806,0.0239076669414674,0.3895300906842539,3
74,63,23.176470588235293,17,5.913486005089059,0.6895674300254453,4.810481196581197,0.5012722646310432,8.578995558400921,946.72421783293,0.02268635217861,0.378826071299964,3
75,49,21.125,16,5.874251497005988,0.7035928143712575,4.400954161812297,0.4790419161676646,8.314784448139351,890.7415755058245,0.0226205719163465,0.3858301323090055,3
76,44,26.23076923076923,13,5.721407624633431,0.6598240469208211,5.0568721993569135,0.4604105571847507,8.368214465549467,869.7575148950607,0.0243798118049615,0.3866552609067579,3
77,47,21.73333333333333,15,5.889230769230769,0.7046153846153846,4.147445353741497,0.5076923076923077,8.254943289908306,818.6607258891229,0.0284463894967177,0.3921225382932166,3
78,49,24.125,16,5.878238341968912,0.6373056994818653,4.844704065527066,0.4689119170984456,8.52245547972687,869.1487964681372,0.0262476894639556,0.3900184842883549,3
79,44,25.83333333333333,12,5.925566343042071,0.7281553398058253,3.7881950357142857,0.5145631067961165,8.260293034201394,854.869035468682,0.0242673992673992,0.3905677655677655,3
80,45,26.416666666666668,12,6.1198738170347005,0.6971608832807571,4.170683587837837,0.5331230283911672,8.24442983836013,812.3141369361559,0.0286831812255541,0.39374185136897,3
81,49,26.83333333333333,12,6.214285714285714,0.6894409937888198,4.02937216722408,0.5714285714285714,8.27423357590061,858.9601037244603,0.0282700421940928,0.3945147679324894,3
82,53,24.846153846153847,13,6.1671826625387,0.6687306501547987,4.5074122147651,0.5727554179566563,8.257595013287172,856.8472498313727,0.0308407266582171,0.3971271651880017,3
83,66,29.928571428571427,14,6.081145584725537,0.6420047732696897,4.687289946428571,0.5536992840095465,8.597850908370793,945.5579653244536,0.0306829429231276,0.3916199274166941,3
84,53,25.666666666666668,12,6.227272727272728,0.7012987012987013,3.8998749498207887,0.5487012987012987,8.207518664581373,811.9622459999142,0.0307557117750439,0.3980667838312829,3
85,44,25.818181818181817,11,6.264084507042254,0.7288732394366197,3.978952644787645,0.5528169014084507,8.099587968972648,771.0691400792522,0.0279488394126006,0.3945997157745144,3
86,48,26.272727272727277,11,6.193771626297578,0.7024221453287197,3.442711761363636,0.5605536332179931,8.097859419837578,793.0965907695585,0.0268741159830268,0.3955681282413956,3
87,43,28.666666666666668,12,6.037790697674419,0.6598837209302325,4.130600551829269,0.5697674418604651,8.344062178702949,801.4800244104697,0.0292207792207792,0.3920454545454545,3
88,57,27.928571428571427,14,6.084398976982097,0.6419437340153452,4.084470687150838,0.5805626598465473,8.514087934322431,892.7054634139222,0.0293805309734513,0.3915044247787611,3
89,40,27.181818181818183,11,6.046822742474917,0.6956521739130435,3.493450420289855,0.5886287625418061,8.144454887890047,803.6811806962107,0.0298090358639962,0.3972985561248253,3
90,49,27.53846153846154,13,6.35754189944134,0.7039106145251397,2.974495406727829,0.5921787709497207,8.438450046936204,871.6135044635417,0.0245993291092061,0.4025344763324636,3
91,44,26.153846153846157,13,6.144117647058824,0.6529411764705882,3.684106384858045,0.5705882352941176,8.309965467541977,829.1488706960375,0.0307319045693489,0.3966841892438334,3
92,54,31.727272727272727,11,5.845272206303725,0.6418338108882522,3.782013692789969,0.5358166189111748,8.375386671123652,835.6066611569026,0.0384930384930384,0.3845208845208845,3
93,49,26.75,12,6.392523364485982,0.6947040498442367,3.431910058823529,0.5887850467289719,8.278178094887362,811.5926458618176,0.0305785123966942,0.3987603305785124,3
94,58,26.571428571428573,14,6.032258064516129,0.6559139784946236,4.036857123893805,0.5483870967741935,8.432136124581746,864.4870412336479,0.0269561961812055,0.3953575439910146,3
95,52,28.25,12,6.336283185840708,0.6843657817109144,4.395920614649682,0.551622418879056,8.317256174428662,832.7761972239333,0.0296091590998815,0.3896565337544413,3
96,42,30.1,10,6.21594684385382,0.6910299003322259,3.798433034965035,0.5813953488372093,8.120936930573881,755.6018292227687,0.0207956600361663,0.3951175406871609,3
97,49,29.5,12,6.008474576271187,0.6807909604519774,4.418544439628483,0.5451977401129944,8.38531009430677,885.4705520215828,0.0304468169236852,0.3926453143534994,3
98,63,27.142857142857142,14,6.163157894736842,0.6815789473684211,3.415058059659091,0.5657894736842105,8.48490657774322,915.097172445976,0.0323392022996766,0.3884297520661157,3
99,54,27.23076923076923,13,6.192090395480226,0.6751412429378532,3.766964243975904,0.5847457627118644,8.39553570471594,837.7411932530144,0.0315627405696689,0.3999230177059276,3
100,43,29.90909090909091,11,5.801829268292683,0.6463414634146342,5.829402172757475,0.5060975609756098,8.275135281142342,799.6379573414341,0.0246478873239436,0.3930457746478873,3
101,44,26.09090909090909,11,6.097560975609756,0.7386759581881533,4.23954308045977,0.5679442508710801,8.124906301813354,823.3486970044935,0.0288184438040345,0.3967339097022094,3
102,54,29.166666666666668,12,6.065714285714286,0.6914285714285714,4.770214775,0.5485714285714286,8.399074952564485,911.1580366253964,0.0277227722772277,0.3956435643564356,3
103,58,27.846153846153847,13,5.759002770083103,0.628808864265928,5.2333776925465845,0.4986149584487535,8.400867297712555,871.8783656091532,0.0292702485966319,0.3909382518043304,3
104,53,25.428571428571427,14,5.828169014084507,0.6929577464788732,5.174080641744549,0.5154929577464789,8.38424460374309,856.0093504535558,0.0298748486071861,0.389987888574889,3
105,48,26.46153846153846,13,5.862973760932944,0.6997084548104956,4.319288926984127,0.5364431486880467,8.372502295575,890.3615623760836,0.0266666666666666,0.39125,3
106,48,26.0,12,5.782051282051282,0.6923076923076923,4.834925557553957,0.5192307692307693,8.233327401956444,822.679486969849,0.0314087759815242,0.3852193995381062,3
107,48,26.33333333333333,12,6.050632911392405,0.6867088607594937,4.113506459363958,0.5379746835443038,8.261112780292041,818.7698339609199,0.0281195079086115,0.3840070298769771,3
108,62,27.846153846153847,13,5.773480662983426,0.6767955801104972,4.96999793939394,0.5082872928176796,8.441811328814243,910.130290517224,0.0242931103146156,0.3950617283950617,3
109,45,28.8,10,6.041666666666667,0.7291666666666666,4.081601149425287,0.5451388888888888,8.13703236221576,802.547748794386,0.0246138996138996,0.3933397683397683,3
110,47,28.25,12,5.964601769911504,0.6991150442477876,5.142809460063898,0.5457227138643068,8.325406729168792,858.5434209540306,0.0232654756958869,0.3888658080598255,3
111,47,27.923076923076923,13,5.986225895316805,0.6776859504132231,4.444309417910448,0.5261707988980716,8.440426619115451,849.4569164104937,0.0228328173374613,0.3935758513931888,3
112,42,28.0,10,5.846428571428572,0.725,3.9825201538461537,0.5392857142857143,8.088279017922376,782.4295911404402,0.0245148110316649,0.3973442288049029,3
113,54,28.75,12,6.020289855072464,0.672463768115942,4.998923580128205,0.5246376811594203,8.380887892857805,861.8047287826205,0.0229838709677419,0.3842741935483871,3
114,52,25.357142857142858,14,5.720338983050848,0.6299435028248588,4.364496064814815,0.4830508474576271,8.384204259956732,842.4194704601659,0.0250925545043192,0.3887289181406828,3
115,47,21.4,15,5.845911949685535,0.6761006289308176,4.728522788732395,0.5157232704402516,8.20893910899011,823.3089072625254,0.0270513976555455,0.3935978358881875,3
116,49,30.25,12,5.677685950413223,0.6446280991735537,5.069306118902439,0.5013774104683195,8.40039837327105,881.7986987274827,0.026283865750101,0.3958754549130611,3
117,55,32.0,11,5.7094017094017095,0.6467236467236467,5.1632351114551085,0.5042735042735043,8.34404032610568,863.1637324615655,0.0274200249272953,0.3896967179061072,3
118,49,26.166666666666668,12,5.936305732484076,0.697452229299363,4.743580653710247,0.554140127388535,8.262047960344235,832.8059660729214,0.0287640449438202,0.3932584269662921,3
119,41,28.363636363636363,11,5.785256410256411,0.6891025641025641,4.821627851590106,0.5352564102564102,8.196318479112948,806.0736849073534,0.0296433534043538,0.3923112552107457,3
120,57,25.6,15,5.968586387434555,0.6832460732984293,5.140834098837209,0.4973821989528796,8.51719108511976,914.8300835095932,0.0253863134657836,0.3940397350993377,3
121,50,24.0,14,5.907462686567164,0.7044776119402985,3.5356036957928803,0.5194029850746269,8.359752196665669,857.3214935519056,0.0249576988155668,0.3895939086294416,3
122,52,24.785714285714285,14,5.755813953488372,0.6715116279069767,4.601707373801917,0.5116279069767442,8.3673857938633,856.9800949421525,0.027379949452401,0.3824768323504633,3
123,48,32.3,10,5.910216718266254,0.7151702786377709,4.273922044067797,0.4891640866873065,8.281227437120828,825.1348021876939,0.0232456140350877,0.3894736842105263,3
124,45,28.363636363636363,11,5.784565916398714,0.6784565916398714,4.29576812720848,0.5080385852090032,8.250317953661336,801.9078794856999,0.0226851851851851,0.3875,3
125,49,22.642857142857142,14,5.939873417721519,0.689873417721519,4.4241131595744685,0.4873417721518987,8.235715954895216,866.1740682446901,0.0214285714285714,0.3897321428571428,3
126,59,25.5,16,5.805418719211823,0.6354679802955665,4.792584625000001,0.5197044334975369,8.52406343725145,879.2475620035354,0.0237588652482269,0.3858156028368794,3
127,64,28.2,15,5.92654028436019,0.6587677725118484,5.109185709511569,0.514218009478673,8.616120870804725,927.5468213167449,0.0267648042823686,0.3887587822014051,3
128,55,28.58333333333333,12,5.798833819241983,0.6967930029154519,4.382437103896104,0.4868804664723032,8.376916842371278,876.0063299959027,0.0305823209049015,0.3912861332216171,3
129,57,25.8,15,5.863049095607235,0.6666666666666666,4.002561852272727,0.4780361757105943,8.535462218615232,909.519701153562,0.0294767870302137,0.3843036109064112,3
130,40,26.58333333333333,12,5.836990595611285,0.6865203761755486,5.238262181818182,0.5172413793103449,8.235037397101452,839.3369022474811,0.0283273381294964,0.3898381294964029,3
131,53,24.53846153846154,13,5.993730407523511,0.6927899686520376,3.578809116040956,0.5015673981191222,8.241326705277553,821.3939020419895,0.0315098468271334,0.3903719912472648,3
132,46,26.692307692307693,13,6.164739884393064,0.6676300578034682,4.601294233128835,0.4710982658959537,8.34710505165926,794.9265029236386,0.0205940594059405,0.3904950495049505,3
133,58,30.384615384615383,13,5.901015228426396,0.6522842639593909,4.36650022739726,0.5126903553299492,8.510841831758631,870.1778080972193,0.0252161383285302,0.3865273775216138,3
134,54,26.857142857142858,14,5.7962466487935655,0.6702412868632708,4.481002627976191,0.4798927613941018,8.465207803031884,907.639592139271,0.0313346228239845,0.3949709864603482,3
135,53,27.923076923076923,13,5.657458563535911,0.6519337016574586,4.445188572755418,0.4585635359116022,8.462614029657253,844.5466339951236,0.0304383116883116,0.3875811688311688,3
136,54,27.23076923076923,13,5.8559322033898304,0.652542372881356,4.137473212962963,0.4971751412429379,8.37426155456204,847.6547474677071,0.0241643173580346,0.3910592025775272,3
137,66,25.6,15,5.866492146596858,0.680628272251309,4.095169538461539,0.4816753926701571,8.494907030013009,949.1811534145368,0.0268056589724497,0.3883097542814594,3
138,65,20.75,20,5.688405797101449,0.6714975845410628,4.4130026756032175,0.4541062801932367,8.646414436310486,957.7361263915936,0.0291534949069195,0.3884791008078679,3
139,53,32.333333333333336,12,5.909560723514212,0.6589147286821705,4.228056252148997,0.4677002583979328,8.533506551511183,902.281695012567,0.0278694536120278,0.3832049871653832,3
140,59,24.714285714285715,14,5.763005780346821,0.6647398843930635,3.896998298742138,0.5,8.33551084876071,868.0212759379731,0.0425,0.3808333333333333,1
141,44,27.0,13,5.572649572649572,0.6809116809116809,3.676200651234568,0.5014245014245015,8.384040326105682,900.320448239142,0.0280970625798212,0.3865474670072371,1
142,57,26.46153846153846,13,5.683139534883721,0.6976744186046512,3.0216206357827478,0.5232558139534884,8.316336887145145,946.0643875354295,0.0325856961489631,0.3817181548878544,1
143,53,33.25,12,5.398496240601504,0.6591478696741855,4.024066597826087,0.4862155388471177,8.57442641073922,977.7798260362616,0.0384319754035357,0.3823981552651806,1
144,50,21.294117647058822,17,5.497222222222222,0.6527777777777778,3.922327475308642,0.4861111111111111,8.351295326278054,877.1567927552629,0.0301633850020946,0.3837452869710934,1
145,64,25.235294117647054,17,5.738927738927739,0.6223776223776224,4.239896636125654,0.4825174825174825,8.649154427979822,944.971220792315,0.03382949932341,0.3856562922868741,1
146,45,26.166666666666668,12,5.680511182108626,0.6549520766773163,4.049342172535211,0.4696485623003195,8.160339558578102,796.0889867697637,0.0323185011709601,0.380327868852459,1
147,57,25.571428571428573,14,5.594972067039106,0.664804469273743,3.999822568253968,0.4497206703910614,8.44056457775459,912.9466111923838,0.0392724266225713,0.3782554774700289,1
148,61,25.41176470588235,17,5.642691415313225,0.6705336426914154,3.8919806766917295,0.4872389791183295,8.676669855398382,1012.295918290886,0.0318166267533356,0.3845364351693465,1
149,52,24.8,15,5.540322580645161,0.6720430107526881,3.8435933611940314,0.4919354838709677,8.479332283623059,928.1582954866792,0.0320128051220488,0.3797519007603041,1
150,59,23.625,16,5.740053050397878,0.6710875331564987,3.8700852815249274,0.4827586206896552,8.504708831725075,960.9125402786703,0.0398162327718223,0.3843797856049004,1
151,50,23.133333333333333,15,5.7514450867052025,0.6936416184971098,3.465309302547771,0.5028901734104047,8.38407574007133,896.8523305442556,0.0287739783152627,0.3836530442035029,1
152,41,22.384615384615383,13,5.725085910652921,0.7079037800687286,3.5105780656370658,0.5154639175257731,8.131633227945969,816.5030622056396,0.0325814536340852,0.3884711779448621,1
153,57,25.133333333333333,15,5.663129973474801,0.6684350132625995,4.079620096774193,0.5172413793103449,8.504708831725075,979.9145700128456,0.0385664199454616,0.3770938839111803,1
154,58,21.944444444444443,18,5.681012658227848,0.6734177215189874,3.652051557377049,0.5063291139240507,8.567458481881943,993.467955136842,0.0344572063727306,0.3882919599851797,1
155,61,19.26315789473684,19,5.47945205479452,0.6767123287671233,3.634965498422713,0.4904109589041096,8.450775718489457,917.9626654797823,0.0338563170933113,0.3761354252683732,1
156,46,24.357142857142858,14,5.624633431085044,0.7038123167155426,2.9322214244372997,0.4780058651026393,8.35422950230781,892.4878964536414,0.0316428261811876,0.387949718248808,1
157,57,21.22222222222222,18,5.510471204188482,0.6361256544502618,3.880735443478261,0.4790575916230366,8.501443053623698,946.8531522764264,0.0361777428234368,0.3841918993314982,1
158,55,25.0,15,5.762032085561497,0.6711229946524064,3.1993795581395346,0.516042780748663,8.456531384581002,920.7837216675877,0.0352849941837921,0.3823187281892206,1
159,59,23.58823529411765,17,5.4812967581047385,0.6384039900249376,3.4353177342465755,0.4887780548628428,8.536968971019316,960.7766604812008,0.0338345864661654,0.3898496240601504,1
160,47,19.11764705882353,17,5.646153846153847,0.6861538461538461,3.777995197916667,0.4861538461538461,8.263446029112515,836.3286786358301,0.0298642533936651,0.3787330316742081,1
161,52,20.8,15,5.887820512820513,0.6987179487179487,3.899888857651245,0.5448717948717948,8.181880456618822,828.0137632535683,0.0304407087687414,0.3793730122671513,1
162,51,21.933333333333334,15,6.115501519756839,0.7203647416413373,3.769786347540984,0.5288753799392097,8.318665152477342,842.4315521760074,0.0259305729820158,0.3868674194897532,1
163,48,22.666666666666668,15,5.790560471976401,0.6666666666666666,4.327064724025973,0.5162241887905604,8.32987351912242,828.7005742578816,0.0272224585282858,0.3840918757975329,1
164,45,23.214285714285715,14,6.086153846153846,0.7261538461538461,4.228316799319728,0.5046153846153846,8.321331484366105,849.286413978919,0.0241525423728813,0.3860169491525423,1
165,42,23.08333333333333,12,6.075812274368231,0.7220216606498195,4.046135004,0.5018050541516246,8.0405719658283,763.6001140592738,0.0239760239760239,0.3856143856143856,1
166,56,23.066666666666663,15,5.828985507246377,0.7130434782608696,4.569945636942675,0.527536231884058,8.373939173306749,860.0027672987505,0.0285123966942148,0.3826446280991735,1
167,46,22.4,15,5.737313432835821,0.6985074626865672,4.0173480730897015,0.4985074626865671,8.335007698143242,849.3181694179428,0.0302506482281763,0.3798617113223855,1
168,42,25.785714285714285,14,5.750692520775623,0.6648199445983379,4.360351048929664,0.481994459833795,8.394299164444222,805.833099430089,0.0209677419354838,0.3875,1
169,39,21.928571428571427,14,5.801302931596092,0.6970684039087948,3.90756902166065,0.50814332247557,8.196097360659438,791.0944248543242,0.0253998118532455,0.389934148635936,1
170,58,20.22222222222222,18,5.867768595041323,0.6914600550964187,4.450604088685016,0.5261707988980716,8.461171853934033,853.8161901340193,0.0282574568288854,0.3834379905808477,1
171,53,23.94117647058824,17,5.896805896805897,0.6609336609336609,3.474151619946092,0.5085995085995086,8.587725633923288,929.966908775688,0.0262237762237762,0.3835664335664335,1
172,44,24.75,12,5.956228956228956,0.7373737373737373,3.521705063197026,0.5050505050505051,8.189183095358679,813.4646290763493,0.0284629981024667,0.3828273244781783,1
173,44,23.5,14,5.927051671732523,0.7021276595744681,4.326466553333334,0.5227963525835866,8.288177347599293,819.4583466514727,0.0270038576939562,0.3819117016716674,1
174,52,21.529411764705884,17,5.737704918032787,0.6912568306010929,4.363568487951808,0.5109289617486339,8.460369400336795,902.9449566811236,0.0257834192780642,0.3827846092820309,1
175,43,19.625,16,6.063897763578275,0.7060702875399361,4.625717753521127,0.5047923322683706,8.218880143534802,793.0360036755641,0.0226364846870838,0.3808255659121172,1
176,45,22.666666666666668,15,5.914454277286136,0.7109144542772862,4.008795419871795,0.5191740412979351,8.35130876319886,858.3121483206938,0.0192549183758894,0.3792381749686061,1
177,46,18.68421052631579,19,5.977464788732394,0.7183098591549296,4.244975097560976,0.5211267605633803,8.439356962512376,902.964139019349,0.0205047318611987,0.3876182965299684,1
178,40,23.0,13,5.832775919732441,0.7190635451505016,4.100513128205129,0.5050167224080268,8.192322882878269,798.3461320361693,0.0239005736137667,0.382887189292543,1
179,48,22.714285714285715,14,5.864779874213837,0.6981132075471698,4.118776663120567,0.5188679245283019,8.249175347167283,785.6443146430361,0.0278026905829596,0.3820627802690583,1
180,53,15.5,22,5.410557184750733,0.6656891495601173,4.483783891025641,0.4633431085043988,8.352009244948507,832.695074227867,0.0263157894736842,0.3826940231935771,1
181,62,17.5,22,5.447916666666667,0.6692708333333334,4.080513086350975,0.4583333333333333,8.549868989235662,899.3487344063702,0.0255603617774282,0.3834054266614235,1
182,50,19.5625,16,5.437699680511182,0.7124600638977636,4.269484486013986,0.4696485623003195,8.266171449631479,886.081725889236,0.027171276079573,0.3818534691897137,1
183,77,18.12,25,5.672566371681416,0.6327433628318584,4.302596658823529,0.5066371681415929,8.723270402620148,961.1131266079122,0.0296774193548387,0.3893548387096774,1
184,52,18.52380952380953,21,5.541237113402062,0.6443298969072165,4.194881122159091,0.4536082474226804,8.552895473193084,890.4690386393886,0.0265384615384615,0.3865384615384615,1
185,43,21.466666666666665,15,5.482866043613707,0.6791277258566978,4.688081653333334,0.470404984423676,8.257069071443102,815.5995525765304,0.0244590780809031,0.3800564440263405,1
186,50,19.72222222222222,18,5.519774011299435,0.6497175141242938,4.5122583058103976,0.4604519774011299,8.410394380347205,862.9011981661215,0.025,0.3826271186440678,1
187,49,18.9375,16,5.448844884488449,0.6765676567656765,3.957327592727273,0.4719471947194719,8.18292497938414,756.2590304703649,0.0214677983025461,0.381427858212681,1
188,68,15.64,25,5.635897435897436,0.6461538461538462,4.12015238,0.4743589743589743,8.527765740861959,936.0600007737518,0.0267621560497549,0.3852242744063324,1
189,55,18.944444444444443,18,5.770588235294118,0.6441176470588236,4.739474625,0.438235294117647,8.277945547269784,830.3220213874363,0.0246493837654058,0.3795155121121972,1
190,47,16.444444444444443,18,5.925675675675675,0.7263513513513513,3.9384479007352944,0.5135135135135135,8.15455457644526,834.0349037290653,0.0209923664122137,0.3964694656488549,1
191,46,15.294117647058824,17,5.7,0.7423076923076923,3.2397463025210085,0.5346153846153846,7.985920256798523,770.8425849991361,0.027359017308766,0.3813512004466778,1
192,57,15.083333333333334,24,5.412742382271468,0.6537396121883656,4.679194290519878,0.4515235457063712,8.411978408823666,881.9387984677462,0.020675105485232,0.3856540084388186,1
193,62,13.392857142857142,28,5.792,0.7013333333333334,3.919960133928572,0.4826666666666667,8.488070930475871,967.1187263069784,0.0252100840336134,0.3846447669977081,1
194,61,18.38095238095238,21,5.4609375,0.6458333333333334,4.729357920454546,0.4713541666666667,8.509373493140814,908.083440693582,0.0223091976516634,0.3808219178082191,1
195,41,19.071428571428573,14,5.550561797752809,0.6853932584269663,4.454937676470588,0.449438202247191,7.999812933613358,742.7273194100309,0.0246085011185682,0.3797539149888143,1
196,63,15.384615384615383,26,5.449748743718593,0.6532663316582915,3.907615305177112,0.4396984924623116,8.563701053555233,928.3760192085458,0.026525198938992,0.3853732474422129,1
197,51,18.6,20,5.610215053763441,0.6451612903225806,4.45895405730659,0.4381720430107527,8.473941448043544,857.1061541123142,0.0234966148944643,0.3859020310633214,1
198,57,21.529411764705884,17,5.7190082644628095,0.6804407713498623,4.276322745454546,0.4876033057851239,8.414156522418414,906.1388373173982,0.0239425379090183,0.3854748603351955,1
199,44,18.41176470588235,17,5.463258785942492,0.6773162939297125,3.970680061643836,0.4824281150159744,8.222870888720175,835.0588502272782,0.0231325301204819,0.3850602409638554,1
200,55,20.22222222222222,18,5.826446280991736,0.6859504132231405,4.509365975460123,0.5482093663911846,8.429376895358544,933.181144613092,0.0331491712707182,0.3950276243093922,1
201,66,18.347826086956523,23,5.5663507109004735,0.6587677725118484,4.294416542105264,0.5071090047393365,8.614327788851842,943.9880690163392,0.0292356463543501,0.3909827404015498,1
202,59,25.0625,16,5.720698254364089,0.6758104738154613,4.098610271505376,0.5361596009975063,8.580081752263908,959.2563273347416,0.0322814653608995,0.3884657236126224,1
203,57,18.84210526315789,19,5.661064425770308,0.680672268907563,4.493962332298136,0.5238095238095238,8.404076759605928,912.140511844,0.0366104483751542,0.3899629781982723,1
204,55,18.36842105263158,19,5.770114942528736,0.6695402298850575,3.587409361563518,0.5431034482758621,8.369627587448576,904.524661715239,0.0373909430826755,0.3934358122143747,1
205,71,23.36842105263158,19,5.486486486486487,0.6441441441441441,4.083176937027708,0.481981981981982,8.704786675222081,1000.671591753366,0.0335707019328586,0.392675483214649,1
206,77,25.5,18,5.622270742358078,0.6222707423580786,3.8995779901960783,0.4890829694323144,8.760000272996443,995.8300960362068,0.0366559485530546,0.3794212218649517,1
207,64,22.05263157894737,19,5.636363636363637,0.6746411483253588,3.524632437994723,0.5143540669856459,8.634947008691274,995.021704751109,0.0379080379080379,0.3717093717093717,1
208,47,23.214285714285715,14,5.7446153846153845,0.6461538461538462,4.706506034129693,0.5076923076923077,8.230251931883615,832.291321723398,0.0321141837644959,0.3907225691347011,1
209,80,23.0,19,5.826086956521739,0.665903890160183,4.146492064935065,0.5148741418764302,8.720581371790313,1006.6995695415166,0.0333224436458673,0.3848415550473701,1
210,71,21.789473684210527,19,5.673965936739659,0.6666666666666666,3.59824889701897,0.5012165450121655,8.631895282421723,989.9855230024856,0.0341515474919957,0.3806474564212024,1
211,68,21.105263157894736,19,5.565,0.6875,3.746524787709497,0.495,8.598252736968805,1006.1952823016782,0.035621521335807,0.3840445269016697,1
212,73,26.666666666666668,15,5.82,0.66,4.388754925,0.5175,8.553139955013917,913.3494418044694,0.0353571428571428,0.3817857142857143,1
213,52,22.3125,16,5.685393258426966,0.6544943820224719,4.757078367601246,0.5196629213483146,8.388549087619293,928.9776787222788,0.0360507988529291,0.3834494059811553,1
214,62,19.72222222222222,18,5.690140845070423,0.6788732394366197,3.789067453416149,0.532394366197183,8.437224511941292,918.869690527383,0.047150471504715,0.3870438704387043,1
215,63,21.529411764705884,17,5.865753424657535,0.6712328767123288,4.258081865443425,0.5178082191780822,8.452849585253642,941.1331907013124,0.0315666406858924,0.3928293063133281,1
216,53,25.0,17,5.705882352941177,0.6423529411764706,3.761245122395833,0.4988235294117647,8.647731775317915,977.121643098058,0.0271851342050929,0.3888506538196834,1
217,53,30.07692307692308,13,5.680306905370844,0.6624040920716112,3.845749287749288,0.4859335038363171,8.536792429123132,931.9723364033504,0.0314842578710644,0.3853073463268366,1
218,58,20.9,20,5.824940047961631,0.6642685851318945,4.518967147368421,0.513189448441247,8.632495817885108,941.4176757630185,0.0230716253443526,0.3908402203856749,1
219,60,22.73333333333333,15,5.882005899705015,0.696165191740413,3.2501907176079734,0.5073746312684366,8.30765524987885,893.8511165852307,0.0432972522897585,0.3751040799333888,1
220,55,22.11764705882353,17,5.8111702127659575,0.6861702127659575,4.592888850144092,0.5319148936170213,8.502746785383243,918.7925350356631,0.0240825688073394,0.3872324159021407,1
221,43,21.642857142857142,14,6.016501650165017,0.7227722772277227,3.714370717391304,0.5445544554455446,8.218537189656205,797.9478336419492,0.0293308890925756,0.3881759853345554,1
222,49,19.176470588235293,17,5.935582822085889,0.7085889570552147,3.5464671220338984,0.5122699386503068,8.27428086944762,838.6815883958581,0.0251082251082251,0.387012987012987,1
223,48,23.0,14,6.15527950310559,0.7204968944099379,3.576930583333333,0.5434782608695652,8.253190312653995,823.2340754641841,0.02803738317757,0.387000849617672,1
224,45,26.916666666666668,12,5.835913312693498,0.6934984520123839,3.994451621527778,0.5077399380804953,8.293649797369275,807.0132879511542,0.0282560706401766,0.377924944812362,1
225,48,25.07692307692308,13,5.923312883435583,0.6993865030674846,4.193171125,0.5184049079754601,8.313526677146585,830.1732104399807,0.0325379609544468,0.3939262472885032,1
226,54,21.4375,16,5.766763848396502,0.6822157434402333,4.433775540983606,0.5014577259475219,8.339621849674893,850.40398768268,0.0335993280134397,0.3821923561528769,1
227,43,20.4375,16,5.691131498470948,0.709480122324159,4.150691921501707,0.5045871559633027,8.318053307605311,837.4394592483965,0.0309278350515463,0.3868220528910802,1
228,50,21.4,15,6.009345794392523,0.7009345794392523,3.722962817869416,0.5233644859813084,8.246928094887362,793.1600817943594,0.024793388429752,0.3906046107003045,1
229,59,23.058823529411764,17,5.829081632653061,0.6862244897959183,3.755416980225989,0.5331632653061225,8.565987353638718,901.9313771015832,0.0317750182615047,0.3933528122717312,1
230,44,21.2,15,5.789308176100629,0.6698113207547169,3.9506699580419578,0.5251572327044025,8.217629605842362,800.5221181397653,0.0267452402538531,0.386219401631913,1
231,49,21.1875,16,5.817109144542773,0.672566371681416,4.189158552980132,0.5073746312684366,8.347624998412362,826.8209374282483,0.0309322033898305,0.3838983050847457,1
232,54,22.647058823529413,17,5.987012987012987,0.6883116883116883,4.020302541547278,0.5246753246753246,8.541329981184271,884.2445023837143,0.0258935083880379,0.3938730853391685,1
233,49,21.73333333333333,15,5.785276073619632,0.6901840490797546,4.097840107266436,0.4877300613496932,8.313526677146585,832.5198267936346,0.028735632183908,0.3885941644562334,1
234,52,20.8125,16,5.584337349397591,0.6596385542168675,4.333444087412588,0.4608433734939759,8.304222150009634,844.989071709866,0.0326329906124273,0.380867232901207,1
235,53,25.76923076923077,13,5.943283582089553,0.6865671641791045,4.235304239344262,0.5283582089552239,8.341788124809382,846.023523290425,0.0288702928870292,0.3916317991631799,1
236,48,20.0625,16,5.890965732087228,0.6947040498442367,4.116313674740485,0.5264797507788161,8.294569071443101,819.6939192351792,0.026431718061674,0.3889867841409691,1
237,51,19.705882352941178,17,5.901492537313433,0.7134328358208956,3.7136031525974023,0.5313432835820896,8.333539958635239,862.2150637945458,0.0245346869712351,0.3819796954314721,1
238,64,20.894736842105264,19,5.740554156171284,0.6624685138539043,4.17377348603352,0.5113350125944585,8.58895257967557,900.0668200723138,0.0266229029905178,0.387673231218089,1
239,56,22.928571428571427,14,5.585669781931464,0.7071651090342679,4.619611039568345,0.4766355140186916,8.290678094887362,862.422085642601,0.0345303867403314,0.3839779005524862,1
240,40,21.5625,16,5.699708454810495,0.6676384839650146,4.214377436708861,0.478134110787172,8.33156662306038,836.7099231127571,0.02,0.3859574468085106,1
241,47,19.27777777777778,18,5.763688760806916,0.6801152737752162,4.72947373801917,0.4639769452449567,8.349051232045866,868.7181671251506,0.0212323064113238,0.3850957535387177,1
242,51,22.75,16,5.763736263736264,0.6346153846153846,4.35620561746988,0.445054945054945,8.411512308231766,900.02295554762,0.0234592445328031,0.3856858846918489,1
243,50,17.63157894736842,19,5.617910447761194,0.6805970149253732,4.41590416442953,0.4656716417910447,8.295351672700619,894.1608076532337,0.0255957634598411,0.3795233892321271,1
244,47,20.647058823529413,17,6.014245014245014,0.6923076923076923,3.958552403785489,0.49002849002849,8.39191143325472,906.8966340756572,0.0195063694267515,0.3873407643312102,1
245,47,18.72222222222222,18,5.807121661721069,0.6646884272997032,3.964199758503401,0.4451038575667655,8.28888025759375,867.4804593016393,0.0213401621852326,0.3811352966282543,1
246,55,18.09523809523809,21,5.596306068601583,0.6701846965699209,4.623885360703813,0.4564643799472295,8.50533825754296,905.9679536169588,0.0230829420970266,0.3900625978090767,1
247,47,17.105263157894736,19,5.975155279503106,0.6770186335403726,4.0767767303754265,0.484472049689441,8.243080927925531,806.8047324927633,0.02615518744551,0.3857890148212728,1
248,62,22.22222222222222,18,5.7819548872180455,0.6616541353383458,4.479540338842975,0.4912280701754385,8.549300782598515,886.725118002284,0.021307331166486,0.3921993499458288,1
249,42,19.5625,16,5.731629392971246,0.6837060702875399,4.912186835664336,0.4792332268370607,8.24694068040071,837.2767137044508,0.0223048327137546,0.3698884758364312,1
250,42,17.157894736842106,19,5.6871165644171775,0.6932515337423313,4.760187636363637,0.4631901840490797,8.286588561755313,823.0179833634859,0.0223613595706618,0.3877459749552773,1
251,49,22.47058823529412,17,5.853403141361256,0.6649214659685864,4.132307209770115,0.4450261780104712,8.515904405341091,906.5407254064507,0.0217309853877856,0.3904083926564256,1
252,56,18.181818181818183,22,5.8025,0.6725,3.980658356353591,0.465,8.561273069043581,961.440034503686,0.0215982721382289,0.3822894168466522,1
253,49,23.73333333333333,15,6.047887323943662,0.7070422535211267,4.154734905660377,0.5126760563380282,8.41675809245588,924.4617834522146,0.0207843137254901,0.3894117647058823,1
254,45,16.68421052631579,19,5.555555555555555,0.6571428571428571,4.746395462897526,0.4507936507936508,8.19667524729238,757.9205020422845,0.0251303935514461,0.3793266951161688,1
255,57,17.523809523809526,21,5.926430517711172,0.6893732970027248,4.183600654434251,0.4822888283378747,8.466519510415191,875.6132929132997,0.0234886407393145,0.391990758567578,1
256,47,18.27777777777778,18,5.966565349544073,0.6778115501519757,4.223074163194444,0.4772036474164133,8.282079786623683,855.264925977485,0.0222032450896669,0.3821520068317677,1
257,52,17.19047619047619,21,5.911357340720222,0.6814404432132964,3.843415735015773,0.4432132963988919,8.441853096329677,873.400047645322,0.0204161758932076,0.387122104436592,1
258,44,18.176470588235293,17,5.964169381107492,0.6872964169381107,3.785347296428572,0.4853420195439739,8.192028365568468,816.7241676935939,0.0247366010077874,0.3879981676591846,1
259,57,18.75,20,5.903485254691689,0.6836461126005362,3.74987992920354,0.4745308310991957,8.50487147911297,913.3644353439385,0.0212765957446808,0.3879179331306991,1
260,45,28.0,12,5.907738095238095,0.7291666666666666,4.196597527868852,0.5059523809523809,8.370106837583942,889.8515148532292,0.0219966159052453,0.3895939086294416,2
261,36,31.125,8,5.654618473895583,0.7349397590361446,3.831114789699571,0.5461847389558233,7.870507247878153,753.8342055422786,0.0437352245862884,0.3888888888888889,2
262,56,26.142857142857142,14,6.1597796143250685,0.7024793388429752,3.638115030120482,0.5151515151515151,8.464611391220874,906.8316075437134,0.0309317238777819,0.3907959260656356,2
263,43,28.272727272727277,11,5.844660194174757,0.6990291262135923,3.995803463768116,0.511326860841424,8.225374568285279,854.7517157353388,0.0268891979601298,0.3936022253129346,2
264,49,25.866666666666667,15,5.948186528497409,0.6658031088082902,3.824208788135593,0.5518134715025906,8.52245547972687,914.4207141636036,0.0314902965946539,0.3936287074331747,2
265,59,23.923076923076923,13,5.897106109324759,0.729903536977492,4.350275294736842,0.5273311897106109,8.230963114951658,835.8179367480236,0.0358764759309718,0.3878292461398728,2
266,53,26.76923076923077,13,5.953890489913545,0.729106628242075,3.85878660952381,0.5417867435158501,8.40572649353268,907.8433857458476,0.02920892494929,0.3866125760649087,2
267,45,25.153846153846157,13,6.103975535168196,0.6880733944954128,4.494099034364261,0.5351681957186545,8.29119782446984,859.9365074731604,0.0266384778012685,0.3949260042283298,2
268,57,30.5,12,5.773224043715847,0.6830601092896175,3.818969005988024,0.5409836065573771,8.458301215399361,952.1839961818556,0.0335438042620363,0.3863456985003946,2
269,61,25.2,15,5.973544973544974,0.7063492063492064,3.309658377906977,0.5291005291005291,8.501365607156393,914.5099505032676,0.0300222386953298,0.3899184581171238,2
270,50,22.916666666666668,12,6.1054545454545455,0.7381818181818182,3.823621857723577,0.5527272727272727,8.04418212857307,820.2207795941798,0.0339152119700748,0.3830423940149626,2
271,54,30.416666666666668,12,5.802739726027397,0.6931506849315069,4.101747059347181,0.5315068493150685,8.463838596242653,931.5383130700778,0.0326900354470263,0.3824340291453328,2
272,47,25.23076923076923,13,5.771341463414634,0.6951219512195121,4.0326756416382254,0.5060975609756098,8.289676221515931,930.270548578085,0.0317320405464962,0.3843102688408991,2
273,75,24.352941176470587,17,5.932367149758454,0.6956521739130435,3.3746210081743877,0.4903381642512077,8.633073576735844,979.7525355146864,0.0349983010533469,0.3910975195378865,2
274,56,31.0,12,5.905913978494624,0.696236559139785,3.817313069277109,0.5456989247311828,8.488079217579491,947.9323972727036,0.0274494853221502,0.385055280213496,2
275,59,23.5625,16,6.08288770053476,0.6951871657754011,3.1204170692771087,0.5427807486631016,8.469279072254363,949.5835546412454,0.0295639320029563,0.3917220990391722,2
276,61,27.53333333333333,15,5.800970873786408,0.662621359223301,4.15965262368421,0.5194174757281553,8.63249607394406,936.829649494345,0.0279916025192442,0.3890832750174947,2
277,52,24.642857142857142,14,6.011594202898551,0.6956521739130435,3.752651968847352,0.5391304347826087,8.385567080283492,907.9116574796778,0.0340080971659919,0.3878542510121457,2
278,52,28.58333333333333,12,6.040816326530612,0.6763848396501457,4.6279775987261145,0.5189504373177842,8.335981169856657,884.5613235945266,0.0324543610547667,0.3866125760649087,2
279,33,25.5,10,5.827450980392157,0.7215686274509804,3.453374180257511,0.5254901960784314,7.95718862378004,755.8764217996807,0.0343855693348365,0.3917700112739571,2
280,56,27.33333333333333,12,6.121951219512195,0.6920731707317073,4.786103250847457,0.5152439024390244,8.29810095393845,830.3468800728889,0.0384937238493723,0.3887029288702929,2
281,69,27.642857142857142,14,5.7979274611398965,0.6476683937823834,5.058712121387283,0.4974093264248704,8.510105122578395,918.3055757653487,0.0368440640119091,0.3825828061034611,2
282,61,23.928571428571427,14,5.9640718562874255,0.6946107784431138,5.016315562913907,0.5359281437125748,8.335069395593294,845.5360505799844,0.0361041141897565,0.3849706129303106,2
283,53,27.666666666666668,12,5.822289156626506,0.6807228915662651,5.202749634228188,0.5271084337349398,8.328391334299663,862.167202848237,0.0350346020761245,0.384515570934256,2
284,54,26.923076923076923,13,5.653295128939828,0.6418338108882522,5.683653230283912,0.504297994269341,8.402713610791258,892.3551275527643,0.0383480825958702,0.3860092709650232,2
285,65,25.642857142857142,14,5.698324022346369,0.6675977653631285,4.682608691082803,0.5111731843575419,8.397119829843309,909.3766882353884,0.0345528455284552,0.3804878048780488,2
286,53,21.9375,16,5.6189111747851,0.66189111747851,5.298288567398119,0.504297994269341,8.360314508773547,873.2654008832191,0.0283657917019475,0.3869602032176122,2
287,61,25.153846153846157,13,5.747692307692308,0.6646153846153846,5.750414549828179,0.5169230769230769,8.269618868618688,861.2855882935263,0.0387010676156583,0.3838967971530249,2
288,54,24.46153846153846,13,5.962145110410095,0.7034700315457413,4.659699450171821,0.5457413249211357,8.269746294056333,870.1385375009362,0.0319007532122286,0.3907842268498006,2
289,66,28.285714285714285,14,5.878172588832487,0.6802030456852792,4.709836553008596,0.5228426395939086,8.553221022679887,891.5939431475365,0.0339350180505415,0.3916967509025271,2
290,56,27.0,13,5.896848137535817,0.6561604584527221,4.302222537974684,0.5100286532951289,8.40412230330756,918.9204384343536,0.0305498981670061,0.3877800407331975,2
291,60,24.153846153846157,13,5.855769230769231,0.6634615384615384,5.160415820143886,0.5064102564102564,8.22289295662578,835.0028490311747,0.0401276789785681,0.3816689466484268,2
292,52,24.5,12,5.732876712328767,0.6712328767123288,5.605761542307693,0.5034246575342466,8.10408573808242,777.5850494049457,0.0327218641546851,0.3886960832920178,2
293,65,27.285714285714285,14,5.853018372703412,0.6587926509186351,4.919784052173913,0.5144356955380578,8.499448009641045,878.1095523044576,0.0273305877948333,0.3919880194683639,2
294,57,30.09090909090909,11,5.872727272727273,0.6606060606060606,4.501978023809524,0.5242424242424243,8.284406463691694,851.418942184076,0.0323415265200517,0.3906856403622251,2
295,48,25.75,12,5.834415584415584,0.6818181818181818,4.657911791366907,0.5064935064935064,8.20997758152653,847.2528648908394,0.0283852954862726,0.3838994881340158,2
296,69,25.0,15,5.946524064171123,0.6737967914438503,4.473824679640718,0.4946524064171123,8.484050587011271,895.6210914727404,0.0308270676691729,0.3883458646616541,2
297,50,26.692307692307693,13,5.930434782608696,0.6898550724637681,4.662471439490446,0.5246376811594203,8.389186593358598,869.1507303092435,0.028290282902829,0.3907339073390733,2
298,56,26.615384615384617,13,5.608695652173913,0.6782608695652174,5.085753865384616,0.4869565217391304,8.379753126795121,884.4727599169815,0.0351629502572898,0.3842195540308747,2
299,58,30.75,12,5.769647696476965,0.6666666666666666,4.282913398809524,0.5365853658536586,8.456293240018526,893.8582998937646,0.0347928068803752,0.3940578577013292,2
300,45,24.0,14,5.916666666666667,0.6666666666666666,4.845845306709266,0.4761904761904761,8.328315792807821,846.543306920011,0.0219409282700421,0.3860759493670886,2
301,60,24.1875,16,5.4909560723514215,0.6511627906976745,4.491543668555241,0.4909560723514212,8.472600398650231,907.4455501903568,0.0198289269051321,0.3818040435458787,2
302,54,22.933333333333334,15,6.0175953079178885,0.6891495601173021,3.934250884244373,0.5161290322580645,8.348347149366633,856.8955866168856,0.025368248772504,0.3866612111292962,2
303,52,28.916666666666668,12,5.792507204610951,0.6887608069164265,4.521257536507937,0.4697406340057637,8.360900554213815,899.0151435483242,0.0207727461570419,0.3863730785209804,2
304,49,25.5,12,6.0855263157894735,0.7171052631578947,4.477980595744681,0.4769736842105263,8.216771343208924,846.297578267145,0.0204638472032742,0.3829013187812642,2
305,49,23.692307692307693,13,6.150326797385621,0.7189542483660131,4.140874985347986,0.4934640522875817,8.191173998016925,827.2764181205176,0.0237455197132616,0.3875448028673835,2
306,50,27.25,12,5.874617737003058,0.7003058103975535,4.338420892976589,0.4770642201834862,8.293513430304698,866.9742123882183,0.0252503265128428,0.390944710491946,2
307,54,28.384615384615383,13,6.027173913043479,0.7010869565217391,4.415863261904763,0.4918478260869565,8.457633834581188,899.9550757128013,0.024677296886864,0.3906605922551253,2
308,39,33.5,10,5.961194029850747,0.6537313432835821,4.605887703225807,0.4865671641791044,8.327551934683143,823.8411575000606,0.0219131900547829,0.3944374209860936,2
309,32,31.33333333333333,9,5.99290780141844,0.6843971631205674,4.28701942519685,0.4290780141843971,8.067682948327105,736.2606090282851,0.0249376558603491,0.3925187032418952,2
310,49,26.923076923076923,13,5.957142857142857,0.6971428571428572,4.3018156833855805,0.48,8.377556972609394,864.7751382569269,0.0221149979895456,0.3880176919983916,2
311,49,23.214285714285715,14,5.913846153846154,0.6984615384615385,4.354942246666667,0.4676923076923077,8.296640126341414,838.6155912168401,0.0278867102396514,0.3873638344226579,2
312,42,24.384615384615383,13,6.053627760252366,0.6876971608832808,4.242825052264808,0.4952681388012618,8.23177161051203,822.8847408326296,0.0232660228270412,0.3876207199297629,2
313,49,24.571428571428573,14,5.9678362573099415,0.6812865497076024,4.445897081761006,0.5116959064327485,8.297763486196235,847.0570252991878,0.0213991769547325,0.3921810699588477,2
314,49,25.846153846153847,13,5.973214285714286,0.6875,4.710251223684211,0.4851190476190476,8.338002695786438,849.1980457103097,0.0225846925972396,0.3885403596821413,2
315,51,24.071428571428573,14,6.005970149253732,0.6925373134328359,4.286468820261438,0.5194029850746269,8.359752196665669,847.3429821606506,0.0237797246558197,0.3884021693783897,2
316,37,29.09090909090909,11,6.04375,0.653125,4.729347445578232,0.490625,8.218635889613374,814.0868805926847,0.0183006535947712,0.3869281045751634,2
317,50,23.066666666666663,15,6.031884057971015,0.6869565217391305,4.977120950920245,0.4956521739130435,8.379753126795121,860.0760165455099,0.0242228502220427,0.3859507468712151,2
318,55,22.705882352941178,17,6.057291666666667,0.6875,4.570778894886364,0.4765625,8.534203192891015,902.9198661148022,0.0213613323678493,0.3928312816799421,2
319,51,25.0,14,5.858789625360231,0.69164265129683,4.623252352941177,0.4899135446685879,8.39994614671187,833.8509770792786,0.0201729106628242,0.3861671469740634,2
320,50,26.166666666666668,12,6.210191082802548,0.6815286624203821,4.047144832191782,0.5923566878980892,8.2300990785551,816.8137886784875,0.0254969749351771,0.3915298184961106,2
321,45,25.416666666666668,12,6.252459016393443,0.6852459016393443,4.245171921708185,0.5704918032786885,8.21503277660148,802.5472146517003,0.0341009743135518,0.3883968113374668,2
322,44,24.846153846153847,13,5.900928792569659,0.6470588235294118,4.120174503401361,0.5263157894736842,8.291305426244543,812.3394852350015,0.0325704225352112,0.3943661971830985,2
323,54,28.0,12,6.217261904761905,0.6875,4.123865644518272,0.5595238095238095,8.340256091315284,847.5201339991834,0.0270816491511721,0.4001616814874696,2
324,51,27.07692307692308,13,6.059659090909091,0.6761363636363636,3.909793065420561,0.5340909090909091,8.360969911248255,819.9394705249784,0.0299921073401736,0.3918705603788476,2
325,54,30.545454545454547,11,6.252976190476191,0.6577380952380952,3.71010048867314,0.5744047619047619,8.26527276152793,835.342383586448,0.0277219766974688,0.3957412615508236,2
326,61,24.529411764705884,17,6.115107913669065,0.6378896882494005,4.024332109090909,0.5707434052757794,8.605464297457615,926.4489327238232,0.0264375413086582,0.3952412425644415,2
327,53,27.23076923076923,13,6.129943502824859,0.6610169491525424,4.367502212307692,0.5621468926553672,8.38531009430677,862.0267955426958,0.0309597523219814,0.3893188854489164,2
328,49,25.83333333333333,12,6.2052117263843645,0.6905537459283387,4.044782840425532,0.6026058631921825,8.18956141294702,808.697357526355,0.0310146211785556,0.4005316792202038,2
329,52,26.76923076923077,13,6.2844827586206895,0.6781609195402298,3.99532508,0.5804597701149425,8.31782883110553,808.8503198118934,0.0320959010054137,0.3982985305491106,2
330,47,27.166666666666668,12,6.147239263803681,0.6840490797546013,4.106602220779221,0.5552147239263804,8.230389600196881,797.9870217945456,0.0286074884307951,0.3988220445940261,2
331,60,22.764705882352946,17,5.925064599483204,0.6537467700258398,4.545090427374302,0.5478036175710594,8.500462801505577,908.2380380787343,0.0277676287906466,0.3869199853854585,2
332,50,27.0,12,5.919753086419753,0.6481481481481481,4.695301185810811,0.558641975308642,8.205359394941603,788.5696341408575,0.0314410480349345,0.3912663755458515,2
333,55,30.0,12,6.2027777777777775,0.6722222222222223,4.083303828908555,0.575,8.359706329087675,851.7804497418737,0.0313325783314458,0.397130992827482,2
334,40,24.76923076923077,13,6.158385093167702,0.7080745341614907,3.2472870164473684,0.5714285714285714,8.307737898337257,868.9705086831027,0.0277067348678601,0.3985507246376811,2
335,57,23.466666666666665,15,6.3039772727272725,0.6789772727272727,3.712294790625,0.5965909090909091,8.363120587892595,896.3583222494539,0.0270579268292682,0.3990091463414634,2
336,55,28.07692307692308,13,6.098630136986301,0.663013698630137,4.857085204892966,0.5205479452054794,8.424649962983063,878.4994268726864,0.0329295987887963,0.3925056775170325,2
337,54,31.0,11,5.9208211143695015,0.6686217008797654,4.437227734824281,0.533724340175953,8.320083500912409,860.3097508835057,0.0323383084577114,0.390547263681592,2
338,42,30.88888888888889,9,6.359712230215828,0.7050359712230215,3.784974034351145,0.5863309352517986,8.014068373722703,787.214757885059,0.033109404990403,0.3939539347408829,2
339,42,29.454545454545453,11,6.074074074074074,0.6975308641975309,3.9686225610561054,0.5462962962962963,8.26645951102058,824.4412148717807,0.0300429184549356,0.3978540772532188,2
340,48,29.0,11,5.8652037617554855,0.670846394984326,5.037547263698631,0.5454545454545454,8.256279181699451,818.4456293451145,0.0312779267202859,0.387846291331546,2
341,59,19.823529411764707,17,5.741741741741742,0.6666666666666666,5.42135243812709,0.5165165165165165,8.292178663261602,876.4154924726688,0.0260869565217391,0.3873913043478261,2
342,68,33.38461538461539,13,5.728110599078341,0.631336405529954,5.823450879795397,0.5207373271889401,8.640395154660549,942.224988416998,0.0264390896921017,0.3862115127175368,2
343,47,26.384615384615383,13,5.871720116618076,0.6880466472303207,4.729034772435898,0.5160349854227405,8.354958435925877,856.8121110525952,0.0278702163061564,0.391846921797005,2
344,46,24.76923076923077,13,6.065420560747664,0.67601246105919,4.452387694158076,0.5514018691588785,8.290678094887362,844.7175887948587,0.0233766233766233,0.3874458874458874,2
345,53,29.166666666666668,12,6.114285714285714,0.6742857142857143,4.42453158199357,0.5485714285714286,8.376152316461333,822.8956091636816,0.0310534591194968,0.383254716981132,2
346,53,27.25,12,5.88,0.683076923076923,4.421228590604027,0.5476923076923077,8.306655905655724,845.7063440609923,0.0284339457567804,0.3915135608048994,2
347,46,27.33333333333333,12,6.085626911314985,0.7003058103975535,4.518948862876254,0.5443425076452599,8.330323246255617,853.843340561608,0.0215918712955122,0.3903471634208298,2
348,58,26.33333333333333,15,5.7735368956743,0.6564885496183206,4.6365971232493,0.5114503816793893,8.54453184665519,914.6220106065884,0.0250091945568223,0.3883780801765354,2
349,51,29.545454545454547,11,5.925925925925926,0.6790123456790124,4.809096300675677,0.5,8.28351763796896,835.1691467497033,0.023549934583515,0.3933711295246402,2
350,35,26.2,10,6.072519083969466,0.7251908396946565,5.074987225,0.5381679389312977,7.966603314577547,777.699413135787,0.0286168521462639,0.3937466878643349,2
351,59,27.642857142857142,14,5.749354005167959,0.6563307493540051,4.753100976811594,0.5142118863049095,8.509555482863936,894.2165021565572,0.0292353823088455,0.3856821589205397,2
352,49,24.714285714285715,14,5.939130434782609,0.6753623188405797,4.3019470730158735,0.5246376811594203,8.362311266330003,840.8119697273096,0.0290388548057259,0.3893660531697341,2
353,55,29.727272727272727,11,5.908256880733945,0.7064220183486238,5.143526006944445,0.5107033639143731,8.282747249309828,858.9194195080183,0.0281020319930825,0.3847816688283614,2
354,54,26.53846153846154,13,5.9681159420289855,0.6782608695652174,4.0928462347266885,0.5101449275362319,8.354302872428367,851.5128562381353,0.0280944625407166,0.3941368078175896,2
355,37,30.7,10,5.758957654723127,0.6742671009771987,5.164988939285714,0.498371335504886,8.205100260993305,809.8488592130542,0.0250828206341694,0.3951727401798391,2
356,50,28.46153846153846,13,5.989189189189189,0.6675675675675675,4.538689516417911,0.5486486486486486,8.469184932877939,882.6942884657259,0.0288206295032233,0.39742131209708,2
357,44,31.2,10,6.080128205128205,0.6762820512820513,4.450194182456141,0.5416666666666666,8.214034797454836,804.5999274577829,0.0253220790759662,0.3998223011994669,2
358,45,35.666666666666664,9,5.517133956386293,0.6573208722741433,5.196121885416667,0.4953271028037383,8.21096004799884,818.9817982231675,0.0262049602246139,0.3827795975666823,2
359,52,27.785714285714285,14,5.796915167095116,0.6786632390745502,4.92887433045977,0.5115681233933161,8.52774789373352,907.883146876498,0.0293244246473645,0.3860430586488493,2
360,45,29.63636363636364,11,5.806748466257669,0.6779141104294478,4.623116622073579,0.4815950920245399,8.244712744910892,828.7005955714131,0.02560706401766,0.3867549668874172,2
361,62,29.928571428571427,14,5.913461538461538,0.6923076923076923,4.286955431578948,0.53125,8.659594574416634,977.2334935933544,0.0248552945182158,0.3898535921007831,2
362,56,28.642857142857142,14,6.072319201995012,0.6708229426433915,4.360134220430108,0.5187032418952618,8.581968971019316,901.205501041274,0.0280179868557592,0.3898305084745763,2
363,55,25.066666666666663,15,6.002673796791444,0.6737967914438503,4.640316739002933,0.5133689839572193,8.477979105760626,889.5080011379596,0.0317994762439206,0.3984287317620651,2
364,45,26.818181818181817,11,5.965986394557823,0.7108843537414966,4.256386486792453,0.4625850340136054,8.146975284456378,818.9421251352147,0.0310707456978967,0.3910133843212237,2
365,33,32.44444444444444,9,6.013698630136986,0.6883561643835616,4.703709222222223,0.476027397260274,8.178002490674608,779.571182727788,0.0187409899086977,0.3978856319077367,2
366,55,27.357142857142858,14,5.7539267015706805,0.6465968586387435,5.24665802359882,0.4528795811518324,8.510655061509071,891.8998539743246,0.0261760242792109,0.3880880121396055,2
367,69,26.25,16,5.559523809523809,0.65,4.794135586206897,0.4904761904761904,8.661272095985357,962.5479049741268,0.0269312544294826,0.3876683203401843,2
368,48,27.75,12,5.981927710843373,0.6837349397590361,4.761371617161716,0.4849397590361445,8.295899227042373,848.8968962437825,0.026615969581749,0.3899450781580059,2
369,51,28.153846153846157,13,5.89344262295082,0.6994535519125683,3.660073346268657,0.5109289617486339,8.489834845548202,898.474134494717,0.026029526029526,0.398989898989899,2
370,58,27.142857142857142,14,5.971052631578948,0.6657894736842105,3.9580465606936417,0.4868421052631579,8.502729499912517,929.77190911916,0.0240118212042851,0.3997044698928703,2
371,44,29.83333333333333,12,5.952513966480447,0.6927374301675978,3.891264483383686,0.4804469273743016,8.429360095961872,862.2069150223372,0.0244865718799368,0.3945497630331753,2
372,58,23.5,16,5.89095744680851,0.6781914893617021,3.4473276111111115,0.5159574468085106,8.470746785383243,883.9072279566205,0.0260279139947189,0.3945680875141456,2
373,63,22.352941176470587,17,5.741424802110818,0.6754617414248021,4.082753978978979,0.496042216358839,8.512626319717995,921.6213147052268,0.0275439938791124,0.3856159143075746,2
374,55,25.066666666666663,15,5.656,0.688,4.336372361764706,0.5066666666666667,8.49341852405876,945.4142362037502,0.0262539184952978,0.3832288401253918,2
375,54,27.46153846153846,13,6.073239436619718,0.6816901408450704,4.032182024464832,0.4985915492957746,8.431574794427169,889.2767938235447,0.0280920795942255,0.3858759266484588,2
376,61,21.47058823529412,17,5.889807162534435,0.6611570247933884,3.9693830906344414,0.509641873278237,8.434901757236998,912.7529022369462,0.024941543257989,0.3893219017926734,2
377,53,26.923076923076923,13,5.951428571428571,0.6771428571428572,4.433038321875,0.4771428571428571,8.363932653118955,865.758184522569,0.0297906602254428,0.3884863123993559,2
378,74,23.31578947368421,19,5.755102040816326,0.655328798185941,4.358482665012407,0.4852607709750567,8.726814258979205,950.7914670240076,0.0258846657929226,0.3899082568807339,2
379,52,24.6,15,5.9375,0.6494565217391305,4.546873492401216,0.4701086956521739,8.470589931317328,874.2085029521007,0.0245681381957773,0.3934740882917466,2
380,53,21.41176470588235,17,5.5989010989010985,0.6758241758241759,3.842704808641976,0.4752747252747252,8.444570159471434,928.4723146745812,0.0337947882736156,0.3843648208469055,0
381,59,24.125,16,5.525906735751295,0.655440414507772,3.8778824318840575,0.5103626943005182,8.499715512188784,952.6895116661916,0.0349107835531419,0.3805275407292475,0
382,54,24.066666666666663,15,5.6011080332409975,0.6509695290858726,3.8090173454545457,0.4764542936288088,8.400867297712555,932.2659913318058,0.0333059210526315,0.3840460526315789,0
383,57,25.8125,16,5.576642335766423,0.6374695863746959,3.4448577930107525,0.5182481751824818,8.565443788524561,974.1030636364052,0.0409865796155241,0.383025027203482,0
384,60,26.5,16,5.570754716981132,0.6202830188679245,3.585100685279188,0.4882075471698113,8.565839112035402,942.3554960994652,0.0372321742184755,0.3793466807165437,0
385,52,26.307692307692307,13,5.691176470588236,0.6852941176470588,3.868840019672131,0.4764705882352941,8.299612148945142,896.646279212688,0.0368782161234991,0.3803602058319039,0
386,59,22.125,16,5.509915014164306,0.6458923512747875,3.307135670886076,0.5127478753541076,8.320923415506151,876.2045894544302,0.0386247877758913,0.3858234295415959,0
387,74,20.428571428571427,21,5.63785046728972,0.6845794392523364,3.430635944591029,0.4626168224299065,8.67811652080448,1027.532824498121,0.0257378174330816,0.383321894303363,0
388,53,23.866666666666667,15,5.653631284916201,0.6815642458100558,3.755043461538461,0.4692737430167598,8.451769059547306,933.322175068134,0.0316091954022988,0.3916256157635468,0
389,44,27.25,12,5.4495412844036695,0.6788990825688074,3.711222129568106,0.4892966360856269,8.29119782446984,852.6719664554804,0.0376044568245125,0.3825441039925719,0
390,54,21.11764705882353,17,5.5966386554621845,0.6722689075630253,3.755591953703704,0.4705882352941176,8.408317700629318,899.912538102323,0.0376499793131981,0.3798096814232519,0
391,46,28.454545454545453,11,5.60702875399361,0.6964856230031949,3.641813393103448,0.5079872204472844,8.220451377495293,876.868487153301,0.0415879017013232,0.3752362948960302,0
392,49,20.41176470588235,17,5.546242774566474,0.638728323699422,3.605841752380953,0.4855491329479768,8.360887334274228,859.1106797822222,0.0352839931153184,0.3726333907056798,0
393,60,26.2,15,5.353689567430026,0.6463104325699746,3.364385687845304,0.4936386768447837,8.533077191053982,977.1541311981752,0.0365758754863813,0.3708171206225681,0
394,43,26.142857142857142,14,5.6530054644808745,0.6502732240437158,3.968129408284024,0.4371584699453552,8.388411420866959,854.4955996329958,0.0249798549556809,0.387187751813054,0
395,60,27.923076923076923,13,5.600550964187328,0.6584022038567493,3.632971486153846,0.4738292011019284,8.461171853934033,906.071987365231,0.0344827586206896,0.3780933062880324,0
396,59,21.235294117647054,17,5.625,0.6861111111111111,3.4500218703703704,0.5194444444444445,8.437700758057035,972.479058308762,0.038130381303813,0.3813038130381304,0
397,56,24.8125,16,5.816120906801007,0.6675062972292192,3.0098373417366946,0.5214105793450882,8.531490742548895,914.124943029322,0.0332730560578661,0.3786618444846293,0
398,42,29.23076923076923,13,5.605263157894737,0.6526315789473685,3.131748774928775,0.5052631578947369,8.441991900945093,896.9150551966151,0.0317025440313111,0.3843444227005871,0
399,53,25.384615384615383,13,5.449848024316109,0.6808510638297872,3.612073329896907,0.513677811550152,8.2797783003366,889.3849899500976,0.039134438305709,0.3743093922651934,0
400,57,23.72222222222222,18,5.714285714285714,0.6814988290398126,4.042700410714286,0.5058548009367682,8.59439403921453,912.6462312378836,0.0307482063546293,0.3881106935428766,0
401,52,22.0625,16,5.810198300283286,0.6713881019830028,3.9081985875,0.4957507082152974,8.413977073182751,832.3454201593739,0.0268401789345262,0.3851159007726718,0
402,42,24.285714285714285,14,5.823529411764706,0.7088235294117647,4.08581731511254,0.5147058823529411,8.369743233047847,839.1805411497103,0.0224481152054214,0.3816179584921643,0
403,50,23.4,15,5.76,0.6828571428571428,4.281248806349207,0.5,8.391181292099834,860.283748540034,0.0239966901117087,0.3798096814232519,0
404,48,23.133333333333333,15,5.815028901734104,0.7052023121387283,4.302894602605863,0.4971098265895953,8.359830731443502,864.98774257401,0.0224532224532224,0.385031185031185,0
405,46,25.384615384615383,13,5.781155015197569,0.6869300911854104,4.161912921501706,0.4893617021276595,8.288177347599293,812.2125626151035,0.0222804718217562,0.3835736129314111,0
406,49,20.41176470588235,17,5.765895953757226,0.7052023121387283,4.701933851265823,0.4884393063583815,8.36230827629067,879.513530976908,0.0238393977415307,0.3893768297783354,0
407,46,22.714285714285715,14,5.852201257861635,0.7012578616352201,3.7453374111498254,0.5220125786163522,8.289411585344455,832.6989282348321,0.0264811490125673,0.3806104129263913,0
408,53,21.73333333333333,15,5.852760736196319,0.7085889570552147,4.0677714,0.5061349693251533,8.301218984838894,874.0770589417451,0.0270624181580096,0.3876036665211698,0
409,50,25.066666666666663,15,5.819148936170213,0.6569148936170213,4.582650011764706,0.5,8.463400418710808,902.1796901443698,0.0217308425467022,0.3869614944719786,0
410,54,22.41176470588235,17,5.897637795275591,0.6876640419947506,4.155464369627508,0.5223097112860893,8.506697713594107,898.4108270034465,0.0256887565152643,0.389054355919583,0
411,45,23.142857142857142,14,5.922839506172839,0.7314814814814815,3.7211196860068254,0.5216049382716049,8.308285439826545,857.7682385600906,0.0231846019247594,0.389763779527559,0
412,48,20.9375,16,6.035928143712575,0.7245508982035929,3.791751133333334,0.5179640718562875,8.312217622396787,850.1283380675508,0.0287859824780976,0.3825615352523988,0
413,43,26.23076923076923,13,5.935483870967742,0.7008797653958945,3.9231485337620575,0.5395894428152492,8.35422950230781,859.56621386954,0.0251857968620974,0.3831544178364988,0
414,52,21.0,17,5.735955056179775,0.6853932584269663,3.690847911671925,0.4578651685393258,8.39769024958503,845.6890547317894,0.0269058295964125,0.3840195678760701,0
415,48,24.923076923076923,13,5.996913580246914,0.6944444444444444,4.968868033557047,0.5154320987654321,8.250220772637185,803.261186426816,0.0254529767040552,0.3908541846419327,0
416,46,22.928571428571427,14,5.871875,0.69375,4.698060567857143,0.490625,8.292334243858912,889.5758232290552,0.0290049085229808,0.3882195448460508,0
417,42,24.384615384615383,13,5.892744479495268,0.6782334384858044,5.0117753356890455,0.4952681388012618,8.222737582118759,813.5114249961282,0.0309417040358744,0.3928251121076233,0
418,45,26.46153846153846,13,5.9563953488372094,0.7122093023255814,4.01572244051447,0.5232558139534884,8.392910247222376,825.8200962184479,0.0229790726302831,0.3967993434550677,0
419,49,20.83333333333333,18,5.965333333333334,0.68,3.6830924957020055,0.5253333333333333,8.488070930475871,874.2146596800825,0.0206456456456456,0.3881381381381381,0
420,55,17.181818181818183,22,5.470899470899471,0.6349206349206349,4.94172063583815,0.455026455026455,8.441007815373466,838.4670296770233,0.0268,0.384,0
421,58,15.181818181818182,22,5.700598802395209,0.6796407185628742,4.58939953,0.4760479041916167,8.325324313017209,897.184221196536,0.0296813618507202,0.381492797904845,0
422,46,23.1875,16,5.710810810810811,0.6297297297297297,5.586599291291292,0.3918918918918919,8.42245021066158,805.9695520429218,0.0273051048674317,0.3802928373565493,0
423,50,18.22222222222222,18,5.782874617737003,0.6880733944954128,4.193609264026403,0.4678899082568807,8.268973553004084,829.3446582611587,0.0206140350877193,0.3912280701754386,0
424,53,16.0,22,5.7920227920227925,0.6809116809116809,4.017382390243903,0.5242165242165242,8.41121111183233,865.3725653141377,0.0209703947368421,0.3869243421052631,0
425,47,14.909090909090908,22,5.620795107033639,0.6941896024464832,4.939293447712418,0.4770642201834862,8.287378460979543,826.5278161521259,0.0238416554206027,0.3900134952766532,0
426,62,18.08695652173913,23,5.769230769230769,0.6466346153846154,3.525381075129534,0.4879807692307692,8.635498188874465,932.8449824177932,0.0208405696422368,0.390413337964571,0
427,56,18.05,20,5.789473684210527,0.6731301939058172,4.616530533333333,0.4903047091412742,8.411978408823666,903.536800148512,0.0235059760956175,0.3880478087649402,0
428,56,19.83333333333333,18,5.698591549295775,0.704225352112676,3.5635196242424243,0.4591549295774648,8.414625641884795,865.2217363530631,0.0222222222222222,0.3802469135802469,0
429,55,17.210526315789473,19,5.475460122699387,0.6809815950920245,4.683747241721854,0.450920245398773,8.280434715601467,814.1537094503279,0.0272265805260729,0.3742501153668666,0
430,61,14.958333333333334,24,5.646239554317549,0.6796657381615598,4.745108948012232,0.49025069637883,8.416776671119006,915.6999737800992,0.0256828373420301,0.3783122706889523,0
431,67,17.333333333333332,21,5.531855955678671,0.6786703601108033,4.465325534534535,0.4570637119113573,8.443214832428769,910.0226249568466,0.0263917525773195,0.3814432989690721,0
432,55,18.68421052631579,19,5.665722379603399,0.6685552407932012,4.663549411214953,0.4844192634560906,8.38127884873864,871.6881868790077,0.028262676641729,0.3832086450540315,0
433,51,17.38888888888889,18,5.729903536977492,0.6913183279742765,4.472981773519164,0.495176848874598,8.206738034292538,816.6124801182158,0.0252100840336134,0.3809523809523809,0
434,49,18.5,20,5.624324324324324,0.6324324324324324,5.127538912912913,0.4513513513513513,8.458344824476855,878.9002153066081,0.0280448717948717,0.391025641025641,0
435,53,15.61904761904762,21,5.428134556574924,0.6666666666666666,4.728798434782609,0.4525993883792049,8.266657947169227,810.903642827806,0.0268891979601298,0.3866481223922114,0
436,58,15.04,25,5.486702127659575,0.625,4.359457897660819,0.4441489361702128,8.43804101869927,838.5755538221897,0.0275009964129135,0.3774412116381028,0
437,48,17.842105263157894,19,5.816023738872404,0.6617210682492581,4.402095400651466,0.4836795252225519,8.248672593890396,833.0692398839457,0.0277422108408023,0.3879641485275288,0
438,51,17.65,20,5.282051282051282,0.6695156695156695,4.168273608695652,0.4358974358974359,8.386197147540434,861.3617884012878,0.0217294900221729,0.3849223946784922,0
439,55,18.8,20,5.545454545454546,0.6657754010695187,4.902037066666667,0.46524064171123,8.449855178158286,859.0012455387533,0.0235811350919264,0.3836930455635491,0
440,40,23.0,14,5.67601246105919,0.7071651090342679,3.809281877622378,0.5264797507788161,8.288319071443102,935.8530912696876,0.0274725274725274,0.3901098901098901,0
441,61,17.2,20,5.545454545454546,0.6803519061583577,4.248042298701299,0.5219941348973607,8.340244539066154,934.9423691405924,0.0335951134380453,0.3791448516579406,0
442,58,22.176470588235293,17,5.617021276595745,0.6569148936170213,4.31538886627907,0.5425531914893617,8.49741345204991,921.9647632123532,0.0357704402515723,0.3879716981132075,0
443,52,20.61111111111111,18,5.764227642276423,0.7046070460704607,4.482628202985075,0.5230352303523035,8.459676697893082,921.809482323095,0.0263054574008637,0.3918335296427169,0
444,59,20.666666666666668,15,5.82258064516129,0.6645161290322581,3.76944451263538,0.4903225806451612,8.21724009100417,807.3837882813702,0.0414173953060285,0.3796594569719282,0
445,58,23.25,16,5.595687331536388,0.6738544474393531,4.678191394658754,0.522911051212938,8.432043926726681,949.0338641770444,0.0312,0.3868,0
446,42,26.33333333333333,15,5.465822784810126,0.6379746835443038,3.839800316526611,0.4936708860759494,8.516697060562146,925.9633277861608,0.0275862068965517,0.3823754789272031,0
447,68,24.529411764705884,17,5.622596153846154,0.6538461538461539,4.516565178378379,0.4975961538461538,8.611401803332296,971.6253795012004,0.0372340425531914,0.3854609929078014,0
448,60,24.866666666666667,15,5.611260053619303,0.6890080428954424,4.481407981927711,0.4906166219839142,8.488742446854904,972.8932472315756,0.0320411392405063,0.3872626582278481,0
449,57,25.625,16,5.565853658536585,0.6487804878048781,4.051759692098092,0.4902439024390244,8.589136067160998,926.8910835818498,0.0319767441860465,0.3833575581395348,0
450,48,23.428571428571427,14,5.899390243902439,0.6951219512195121,4.760494768166089,0.5365853658536586,8.27975233008524,911.9050024160568,0.0354364736387208,0.3932584269662921,0
451,75,25.176470588235293,17,5.651869158878505,0.6635514018691588,4.094914039787799,0.4929906542056075,8.652015239709101,1030.316515355864,0.0385008517887563,0.3717206132879046,0
452,61,24.823529411764707,17,5.685714285714286,0.6357142857142857,3.909910783068784,0.5166666666666667,8.63560410672005,948.317664765893,0.0349283967865875,0.3803702410059378,0
453,61,20.63157894736842,19,5.582474226804123,0.6907216494845361,4.098211870422536,0.4871134020618556,8.563231390505745,1025.124594388129,0.0229885057471264,0.3877394636015325,0
454,63,25.928571428571427,14,5.842541436464089,0.6657458563535912,4.112416910493827,0.5138121546961326,8.42728193131331,913.8367370583748,0.0351084812623274,0.3956607495069033,0
455,55,23.11764705882353,17,5.581632653061225,0.6607142857142857,3.974719358381503,0.5076530612244898,8.522137616994916,969.297820209536,0.0383010997345468,0.3799772468714448,0
456,61,24.75,16,5.765151515151516,0.6388888888888888,4.028345601694915,0.4873737373737373,8.568101532932406,945.5473104981204,0.0335154826958105,0.3843351548269581,0
457,52,21.47058823529412,17,5.87087912087912,0.6510989010989011,4.399263651651651,0.5439560439560439,8.396333864693675,869.899225523303,0.024313725490196,0.396078431372549,0
458,72,23.57894736842105,19,5.729910714285714,0.671875,4.181027228287841,0.5089285714285714,8.72637959500398,1028.6470909443044,0.0323415265200517,0.3903622250970245,0
459,52,24.9375,16,5.736180904522613,0.6633165829145728,3.636008807799443,0.5226130653266332,8.55552696665892,919.3527704552256,0.0314557425018288,0.3979517190929041,0
460,46,20.0625,16,5.816199376947041,0.7102803738317757,4.377403681506849,0.5015576323987538,8.303178094887363,826.0995268125403,0.0293855743544078,0.3855743544078361,0
461,53,21.066666666666663,15,5.847619047619047,0.692063492063492,4.318366165492958,0.5111111111111111,8.25003476163048,871.5086886933383,0.0267210144927536,0.3903985507246377,0
462,48,20.5,14,6.034843205574913,0.7003484320557491,3.616418845283019,0.5644599303135889,8.11092028782734,763.7534982138195,0.0273906775588659,0.3868332532436329,0
463,61,20.83333333333333,18,5.810666666666667,0.696,3.958012446428572,0.5226666666666666,8.502095295443349,920.6295784320992,0.0244835501147666,0.3871461361897475,0
464,52,22.5625,16,5.861495844875346,0.6897506925207756,3.523390396923077,0.5096952908587258,8.447408651885231,906.2307200326562,0.0249110320284697,0.3823645709766706,0
465,57,20.0,18,6.002777777777778,0.7277777777777777,3.4585040875,0.5166666666666667,8.459984880619709,915.8938313374604,0.0252329192546583,0.3951863354037267,0
466,57,19.894736842105264,19,5.624338624338624,0.6772486772486772,4.486407755882353,0.4841269841269841,8.503367961273536,906.3198096579976,0.0265417642466822,0.3809523809523809,0
467,60,20.73684210526316,19,5.681122448979592,0.673469387755102,4.993557723646724,0.4897959183673469,8.550897495506007,906.5509122668524,0.0272489734975737,0.3867114594998133,0
468,45,20.33333333333333,15,6.059016393442623,0.7147540983606557,3.583656977859779,0.5278688524590164,8.21503277660148,833.3806763684872,0.0313493866424352,0.3848250795093139,0
469,46,22.0625,16,6.005665722379604,0.6912181303116147,3.7512029621451104,0.4844192634560906,8.41183250641524,864.7909058841683,0.0238095238095238,0.3873015873015873,0
470,65,18.85,20,5.875,0.6888297872340425,4.261335671686747,0.5053191489361702,8.502746785383243,945.7709607113215,0.0279667422524565,0.3869992441421013,0
471,50,19.352941176470587,17,5.86322188449848,0.7264437689969605,3.727899284768212,0.5562310030395137,8.333161760715646,831.8595887454412,0.0303424360641525,0.3823146944083225,0
472,54,22.764705882352946,17,5.69250645994832,0.6640826873385013,4.517504304843305,0.5012919896640827,8.551006260066009,879.7462783882223,0.0275783906309029,0.3808084624102757,0
473,45,20.2,15,5.702970297029703,0.66996699669967,4.257291,0.4983498349834983,8.172179573762165,763.8216824364484,0.0327395281656235,0.3808377467501204,0
474,54,20.75,16,5.924698795180723,0.7048192771084337,3.478098440397351,0.536144578313253,8.346518222517187,798.5839735223703,0.0284380305602716,0.3921901528013582,0
475,52,19.72222222222222,18,6.005649717514125,0.6751412429378532,4.152028820189274,0.5225988700564972,8.423864316613956,886.0300080096144,0.021704814522494,0.3879242304656669,0
476,54,21.0,18,5.777777777777778,0.6798941798941799,3.7357676607669617,0.5079365079365079,8.537200554117472,908.275460549401,0.0294005345551737,0.3864070255822833,0
477,45,25.928571428571427,14,5.7190082644628095,0.6694214876033058,4.575623133928572,0.5068870523415978,8.422497820784862,833.2379374814974,0.0260521042084168,0.3887775551102204,0
478,43,24.916666666666668,12,6.023411371237458,0.6789297658862876,3.9577414014598538,0.5217391304347826,8.158765835898404,760.0803785454159,0.0278164116828929,0.3857209086694483,0
479,55,28.692307692307693,13,5.589812332439679,0.6246648793565683,4.63943746627566,0.4879356568364611,8.436296815122843,883.5341476901697,0.0274572224432948,0.3879824910465579,0
480,62,15.909090909090908,22,5.82,0.66,4.329627029315961,0.4714285714285714,8.328144042816167,858.2713381286309,0.0257142857142857,0.386530612244898,0
481,43,19.0,16,5.976973684210527,0.7171052631578947,4.039877227941177,0.5032894736842105,8.194477985115974,832.4723388467182,0.0243566176470588,0.3878676470588235,0
482,35,17.933333333333334,15,6.011152416356877,0.7100371747211895,4.88739812184874,0.4721189591078067,8.003570953509401,756.5288886498817,0.0202282157676348,0.3895228215767635,0
483,48,20.0,15,5.6866666666666665,0.6933333333333334,3.906230869888476,0.4833333333333333,8.141209408304583,855.9631218016208,0.0218658892128279,0.3843537414965986,0
484,45,16.736842105263158,19,5.574132492113565,0.6561514195583596,4.522788985611511,0.4542586750788643,8.23810072443608,780.3919902196711,0.0252572497661365,0.3807296538821328,0
485,47,20.25,16,5.79320987654321,0.6851851851851852,3.79847599659864,0.4567901234567901,8.279662800514357,843.9897026168438,0.0191026210573078,0.3860506441581519,0
486,50,17.3125,16,5.675090252707581,0.703971119133574,4.427872387096775,0.4801444043321299,8.065046195908604,830.7986418512838,0.0247759620453347,0.3821823932525039,0
487,51,18.0,19,5.803519061583578,0.6862170087976539,4.240740592105263,0.4721407624633431,8.344685053784762,899.7842857625723,0.0244829041789784,0.3921485859012241,0
488,64,16.333333333333332,24,5.705882352941177,0.6419437340153452,4.26016934,0.4654731457800511,8.526536018866722,914.2453325669732,0.0230654761904761,0.3824404761904761,0
489,49,20.5,18,5.630434782608695,0.6684782608695652,3.81909066966967,0.453804347826087,8.481489113878636,844.5606790004218,0.018898271009248,0.3924406915963007,0
490,44,21.73333333333333,15,5.64,0.7107692307692308,4.155275203333333,0.4615384615384615,8.284294447329069,857.4730417930269,0.0195188379482523,0.3881071266454834,0
491,47,20.05555555555556,18,5.770083102493075,0.6731301939058172,4.100620303951368,0.481994459833795,8.430741985218566,909.7549100595862,0.0184442662389735,0.38813151563753,0
492,48,17.85,20,5.722689075630252,0.6974789915966386,4.242876215384616,0.4565826330532213,8.430789610741678,853.5644125213798,0.0208418471597874,0.3943604413567634,0
493,42,18.866666666666667,15,5.850533807829182,0.7117437722419929,3.3251345960784318,0.491103202846975,8.086425874087823,841.1526119257062,0.0208333333333333,0.3836382113821138,0
494,44,16.25,20,5.655384615384615,0.6676923076923077,3.400598196610169,0.4215384615384615,8.263446029112515,837.4995655449014,0.0189959294436906,0.3921302578018996,0
495,62,14.461538461538462,26,5.831550802139038,0.6684491978609626,4.51389676923077,0.4919786096256685,8.455217108453192,866.2255099838977,0.0262058488416255,0.377895936194455,0
496,48,16.88888888888889,18,5.697368421052632,0.7039473684210527,3.516165211678832,0.4671052631578947,8.16558396695702,867.3755563456277,0.0239808153477218,0.3793764988009592,0
497,53,18.41176470588235,17,5.636655948553055,0.7041800643086816,4.69813347826087,0.45016077170418,8.218059889145206,823.6423849354345,0.0249177244945933,0.3747061589092618,0
498,47,18.42105263157895,19,5.782857142857143,0.68,4.168204150641025,0.4942857142857143,8.356797337945105,912.7627834769252,0.0214609987618654,0.3817581510524143,0
499,65,14.884615384615383,26,5.77720207253886,0.6787564766839378,4.622956946745562,0.4922279792746113,8.536766583634213,904.6624738808864,0.0268356317554975,0.3887439433469996,0
500,55,20.666666666666668,18,5.864864864864865,0.7054054054054054,4.4341450089820365,0.527027027027027,8.476650752667,940.8793399275406,0.0408635312259059,0.3882035466461064,4
501,57,24.384615384615383,13,6.053627760252366,0.722397476340694,4.094875173611111,0.5772870662460567,8.2658060646328,894.8846277425603,0.0353095030514385,0.3783783783783784,4
502,60,23.4,15,5.769230769230769,0.6866096866096866,3.640836664536741,0.5356125356125356,8.397625718969005,908.363362979306,0.0402629416598192,0.3894823336072309,4
503,50,23.1875,16,5.816711590296496,0.7142857142857143,4.322874310240964,0.5148247978436657,8.502314196996952,936.3489949259196,0.0321580782642386,0.3866718326230143,4
504,66,28.33333333333333,12,6.014705882352941,0.7176470588235294,4.25089163961039,0.5588235294117647,8.375642938062597,937.2768921288576,0.0375663536137198,0.3801551653736219,4
505,68,27.07692307692308,13,6.028409090909091,0.7329545454545454,3.948007871165645,0.5823863636363636,8.424686515170192,940.96857288582,0.0428290766208251,0.3866404715127701,4
506,66,27.5,14,5.997402597402598,0.6909090909090909,3.888405017142857,0.5142857142857142,8.520496647850939,969.8699766444604,0.035132198478812,0.3846432452010141,4
507,59,22.2,15,5.933933933933934,0.7117117117117117,4.404483758278146,0.5315315315315315,8.356967142190298,857.254841398185,0.0367243562684677,0.391304347826087,4
508,58,24.0,14,5.967261904761905,0.7291666666666666,4.515521529801324,0.5416666666666666,8.370106837583942,902.3076577485944,0.0404335139641517,0.3814089203834931,4
509,60,25.23076923076923,13,5.844512195121951,0.7560975609756098,3.493242665540541,0.5487804878048781,8.33479820164487,948.7759298648072,0.0342584562012142,0.3868169991326973,4
510,60,25.866666666666667,15,5.88659793814433,0.6907216494845361,3.78479988700565,0.5489690721649485,8.53222363856776,952.5190679887468,0.0318215069495245,0.3847841989758595,4
511,58,27.58333333333333,12,6.063444108761329,0.7129909365558912,4.071998532423208,0.5589123867069486,8.354201002124604,874.4486779548607,0.0442588726513569,0.3954070981210856,4
512,57,24.23076923076923,13,5.809523809523809,0.7365079365079366,4.036477889679715,0.5079365079365079,8.27551246863685,860.9883698655016,0.0453720508166969,0.3761343012704174,4
513,61,24.923076923076923,13,5.62962962962963,0.6882716049382716,4.513353167808219,0.5092592592592593,8.253766429069774,886.0473607194298,0.0434782608695652,0.3858695652173913,4
514,42,25.916666666666668,12,5.922829581993569,0.729903536977492,3.5131809420289857,0.5176848874598071,8.269672792371013,844.8527459453957,0.0282588878760255,0.3878760255241568,4
515,87,22.22222222222222,18,6.045,0.71,3.440604362162162,0.575,8.615182279580743,967.971624539469,0.0429996560027519,0.3818369453044375,4
516,69,26.25,16,5.940476190476191,0.65,3.8141367832898174,0.5357142857142857,8.599519582904385,911.555929080204,0.0335232986925913,0.3918873617163929,4
517,61,24.785714285714285,14,5.971181556195965,0.6887608069164265,4.398707389937107,0.553314121037464,8.39776439092527,902.9006449023162,0.0423045930701047,0.3827558420628525,4
518,58,26.0,15,5.861538461538461,0.6974358974358974,4.607692002857143,0.5230769230769231,8.53164691053889,904.659235293666,0.0332480818414322,0.3905736207526489,4
519,53,29.666666666666668,12,6.050561797752809,0.702247191011236,4.468063818181818,0.5617977528089888,8.443506200307539,905.842777082125,0.0370226032735775,0.3916601714731099,4
520,71,25.4375,16,5.482758620689655,0.6551724137931034,5.004539869209809,0.5246305418719212,8.577827480488034,977.3383763398488,0.044074074074074,0.3788888888888889,4
521,67,24.785714285714285,14,5.566473988439307,0.6676300578034682,4.771993262135922,0.5057803468208093,8.38407574007133,905.3790781189288,0.0428816466552315,0.3850771869639794,4
522,43,22.46153846153846,13,5.855670103092783,0.7079037800687286,5.096500191729324,0.5223367697594502,8.103134391716692,815.6572176446747,0.0299313052011776,0.3876349362119725,4
523,70,26.5625,16,5.696470588235294,0.6494117647058824,4.860812590078329,0.5411764705882353,8.586943007603724,918.8871545584154,0.0295126973232669,0.3922443376801647,4
524,60,20.444444444444443,18,5.7554945054945055,0.6648351648351648,4.944944943113772,0.5384615384615384,8.45215938124048,925.6799367459856,0.03060413354531,0.3875198728139905,4
525,76,26.133333333333333,15,5.769820971867008,0.670076726342711,4.481887705882353,0.5140664961636828,8.525279031698329,962.5593455503042,0.0327205882352941,0.3845588235294118,4
526,68,25.142857142857142,14,6.102272727272728,0.7244318181818182,4.151233527950311,0.5625,8.418988509472186,949.5586778505294,0.0303975058456742,0.3830865159781761,4
527,63,22.33333333333333,15,5.936936936936937,0.7117117117117117,4.305711023728814,0.4894894894894895,8.342645191882577,937.1801583763504,0.0351099830795262,0.3794416243654822,4
528,62,24.5,14,5.770588235294118,0.6882352941176471,4.872133748366013,0.5029411764705882,8.355717016227308,911.236125364214,0.0420203735144312,0.3820033955857385,4
529,63,26.73333333333333,15,5.59,0.645,4.939071667582418,0.505,8.585107091610817,930.3326042747032,0.0426399703374119,0.3819058212829069,4
530,54,24.46153846153846,13,5.867507886435331,0.7034700315457413,4.735201943661972,0.5110410094637224,8.220664727586945,887.124485698785,0.0364044943820224,0.3869662921348314,4
531,72,21.88235294117647,17,5.727762803234501,0.7035040431266847,4.584873,0.5148247978436657,8.486097980780736,953.7905058310118,0.0405932864949258,0.3840749414519906,4
532,77,25.05555555555556,18,5.988913525498892,0.6784922394678492,3.789072949760766,0.5565410199556541,8.750970830091502,985.0569655341296,0.0331474597273853,0.3912639405204461,4
533,74,23.6875,16,5.89920424403183,0.6578249336870027,4.8064965421686745,0.5172413793103449,8.485439915507426,951.5866503386894,0.0415730337078651,0.3808988764044944,4
534,46,24.75,12,5.865319865319865,0.7104377104377104,4.300735888475836,0.5454545454545454,8.148642554818139,821.7122631845452,0.0378896882494004,0.3841726618705036,4
535,57,23.8,15,5.926966292134831,0.699438202247191,4.396633854984895,0.5589887640449438,8.405450496069998,874.5073232652393,0.0305071315372424,0.3914421553090332,4
536,70,24.266666666666666,15,5.795580110497237,0.6850828729281768,4.645371451410658,0.505524861878453,8.441811328814243,935.9668185766886,0.0333333333333333,0.3777777777777777,4
537,64,21.705882352941178,17,5.801630434782608,0.6521739130434783,5.308640390769231,0.5217391304347826,8.454241157475366,912.2868957413506,0.0366614664586583,0.3896255850234009,4
538,59,23.8,15,5.752112676056338,0.6647887323943662,4.709869307453417,0.5408450704225352,8.425925076913044,921.1832627922156,0.0317848410757946,0.3830480847595762,4
539,67,22.176470588235293,17,5.742627345844504,0.6836461126005362,4.9399625462686565,0.5254691689008043,8.477989758682861,937.0896644927482,0.0391624660721209,0.3846452113222179,4
540,51,24.785714285714285,14,5.732558139534884,0.6686046511627907,4.81432880877743,0.502906976744186,8.392910247222376,869.4473809456053,0.0262156448202959,0.3915433403805496,4
541,60,18.9,20,5.864721485411141,0.6684350132625995,4.882398297450425,0.5464190981432361,8.496078213379766,912.0413163354629,0.0283232628398791,0.3878398791540785,4
542,55,21.625,16,5.95072463768116,0.6695652173913044,4.421220550769231,0.4753623188405797,8.348488918939994,889.4231902758306,0.0289323553382233,0.3907905460472697,4
543,59,23.0,16,6.098092643051771,0.6730245231607629,4.281159530303031,0.5231607629427792,8.461055029540873,910.8430321988328,0.0371761171610965,0.3920390536988359,4
544,51,21.8125,16,5.85632183908046,0.6666666666666666,5.171130657320872,0.4482758620689655,8.382567717119104,852.6316325777831,0.028735632183908,0.3817733990147783,4
545,60,22.88235294117647,17,5.940874035989717,0.6683804627249358,4.598232027322404,0.5012853470437018,8.532902532908778,930.6353731694704,0.0275162925416364,0.3852280955829109,4
546,48,20.11764705882353,17,5.756598240469208,0.6656891495601173,5.758272673015873,0.5249266862170088,8.35422950230781,855.7728415549359,0.0297366185216652,0.3853016142735769,4
547,60,23.33333333333333,15,5.825214899713467,0.6590257879656161,4.6223725093167705,0.4699140401146132,8.392628050433997,879.5280661126297,0.0306999590667212,0.3847728203029062,4
548,61,26.73333333333333,15,5.783042394014963,0.655860349127182,5.16151354200542,0.4837905236907731,8.591968971019316,944.8085821801778,0.0312724658519051,0.3889288281811646,4
549,50,21.94117647058824,17,5.665768194070081,0.6549865229110512,5.499674798245614,0.4743935309973046,8.46988176456452,890.7281397847701,0.0392234548335974,0.3811410459587955,4
550,65,19.5,24,5.9314775160599575,0.6723768736616702,4.48983739201878,0.4967880085653104,8.78960484100157,979.0665096319534,0.0260448213204118,0.3924894003634161,4
551,49,20.875,16,6.026946107784431,0.6766467065868264,5.172650797385621,0.4700598802395209,8.28101534153924,826.3949497144389,0.0229357798165137,0.3869891576313595,4
552,53,26.07692307692308,13,5.961538461538462,0.6686390532544378,5.262649244372991,0.4822485207100592,8.346887014113124,872.663668054627,0.0327936903279369,0.3856371938563719,4
553,61,17.789473684210527,19,5.6875,0.6547619047619048,5.098239186708861,0.4880952380952381,8.320092248025244,843.0493337879798,0.0307758994364976,0.3823146944083225,4
554,48,23.33333333333333,15,6.074498567335244,0.6962750716332379,4.451292075,0.5272206303724928,8.391219357917695,877.5696536760186,0.0262008733624454,0.3842794759825327,4
555,60,21.210526315789476,19,5.835411471321696,0.6483790523690773,4.317056019125683,0.4788029925187032,8.598856189774725,901.0884668139792,0.0271138066357474,0.3824473778094898,4
556,56,20.63157894736842,19,5.844961240310077,0.6718346253229974,5.672302985795455,0.4883720930232558,8.531550884407132,936.3394576314922,0.0310880829015544,0.3815692079940784,4
557,68,21.72222222222222,18,5.589743589743589,0.658974358974359,4.878949361344538,0.4923076923076923,8.55221246323812,950.9510348712954,0.0299469294920394,0.3756633813495072,4
558,60,22.266666666666666,15,6.15915915915916,0.6816816816816816,5.198123662162162,0.4594594594594595,8.330596999111492,840.1942491057532,0.034058268362741,0.3873615100533443,4
559,50,24.214285714285715,14,6.135693215339233,0.7109144542772862,4.502291926517572,0.5634218289085545,8.35945931793899,882.9256486647736,0.0263264479546375,0.3944916970433373,4
560,54,23.5625,16,6.214854111405836,0.6763925729442971,3.953228540298508,0.5437665782493368,8.512035660188277,923.012775221236,0.0298991354466858,0.3987752161383285,4
561,59,27.928571428571427,14,6.148337595907928,0.6854219948849105,4.510283207492796,0.5319693094629157,8.530407236826534,958.1274751636504,0.0347003154574132,0.3943217665615142,4
562,59,31.0,12,6.293010752688172,0.6720430107526881,3.749117017804154,0.5456989247311828,8.448308631320291,817.6809707433282,0.0379061371841155,0.3938628158844765,4
563,43,29.25,12,5.8746438746438745,0.6780626780626781,4.4610785,0.5384615384615384,8.30188350467093,891.7261438299139,0.0333333333333333,0.3910569105691057,4
564,52,26.83333333333333,12,6.192546583850931,0.6894409937888198,4.729480735915493,0.5372670807453416,8.25942084224901,879.1973226608998,0.0355029585798816,0.3994082840236686,4
565,62,28.23076923076923,13,6.149863760217984,0.6893732970027248,4.2528725885885885,0.5613079019073569,8.398160084162038,942.5950922500712,0.0338667659099367,0.3922590249348716,4
566,59,26.357142857142858,14,5.964769647696477,0.6883468834688347,3.947060613772455,0.5420054200542005,8.47803237045331,938.05216751453,0.0323562999619337,0.3924628854206319,4
567,64,26.066666666666663,15,6.125319693094629,0.6751918158567775,4.458657534435262,0.578005115089514,8.541664568943363,927.0537642966302,0.031578947368421,0.3887719298245614,4
568,62,25.846153846153847,13,6.226190476190476,0.7202380952380952,3.802722575657895,0.5744047619047619,8.352196389822748,909.2390252085506,0.0358004827031375,0.3962188254223652,4
569,56,27.428571428571427,14,5.919270833333333,0.6796875,4.12097472173913,0.5286458333333334,8.52375932866125,912.630050065888,0.0324843115540789,0.3898117386489479,4
570,56,24.933333333333334,15,6.08288770053476,0.6711229946524064,4.268156366863906,0.5614973262032086,8.408274011926846,897.7950520787941,0.0280961182994454,0.388539741219963,4
571,59,24.0,16,5.9140625,0.6822916666666666,4.008700421511628,0.5416666666666666,8.49173671115083,945.9829010379374,0.0354112873478421,0.3898930284028034,4
572,63,22.41176470588235,17,6.207349081364829,0.6955380577427821,3.639520610951009,0.5485564304461942,8.459397270301904,882.233705570577,0.029140014214641,0.4044065387348969,4
573,58,24.666666666666668,12,5.986486486486487,0.7027027027027027,4.747389925093633,0.5574324324324325,8.168113898479158,841.8403645100315,0.0376470588235294,0.3835294117647059,4
574,51,29.363636363636363,11,5.972136222910216,0.6873065015479877,3.9877203435374153,0.5325077399380805,8.254038345499202,855.1533881336604,0.0343179843614248,0.3909643788010425,4
575,63,27.142857142857142,14,5.968421052631579,0.6710526315789473,4.983085465714286,0.5631578947368421,8.478931214929261,950.3693809600268,0.0295311923218899,0.3827980804724991,4
576,73,29.0,15,5.995402298850575,0.6735632183908046,4.083694165841584,0.5563218390804597,8.683210218619596,1015.4181496835496,0.0304878048780487,0.3953786906290115,4
577,67,26.9375,16,5.972157772621809,0.6334106728538283,3.6716723421052633,0.5243619489559165,8.617344797248784,939.5419999710708,0.0328883099967437,0.3995441224356887,4
578,65,32.0,13,6.021634615384615,0.6947115384615384,4.245810815303431,0.5504807692307693,8.642136472012208,905.4902123768996,0.0324631860776439,0.3965863453815261,4
579,52,25.73333333333333,15,5.867875647668394,0.6813471502590673,4.656063622857143,0.5414507772020726,8.5152999277732,935.3404523170656,0.0247781065088757,0.3842455621301775,4
580,67,22.444444444444443,18,5.945409429280397,0.6823821339950372,4.957457829131653,0.533498759305211,8.587346117859433,943.7181249916582,0.033531260915124,0.3884037722668529,4
581,52,27.0,13,5.92,0.6771428571428572,5.410893704049845,0.5428571428571428,8.35896033938397,870.1743815806619,0.0271255060728744,0.3890688259109311,4
582,59,27.266666666666666,15,5.970588235294118,0.6838235294117647,4.732186918032787,0.5367647058823529,8.589610629213446,965.6915844113466,0.0224137931034482,0.3944827586206896,4
583,58,26.1875,16,5.747016706443914,0.639618138424821,5.017024099730459,0.4916467780429594,8.593066219375578,964.5154043771316,0.0304920304920304,0.3911988911988912,4
584,46,27.08333333333333,12,5.953703703703703,0.7037037037037037,4.607467892361111,0.5339506172839507,8.279662800514357,867.5349439287957,0.0308561495002172,0.3837461973055193,4
585,51,26.5,12,5.873817034700315,0.668769716088328,4.3922709372822295,0.5488958990536278,8.234160495012548,852.1859873437189,0.0372364288918797,0.3871691341408703,4
586,58,23.11111111111111,18,5.872289156626506,0.6457831325301204,4.892297746031746,0.5132530120481927,8.631869143479213,904.8690225275236,0.0267857142857142,0.3914835164835165,4
587,44,26.76923076923077,13,5.7982708933717575,0.6657060518731989,5.139059887459807,0.5043227665706052,8.360900554213815,869.5026124907017,0.0324729392173189,0.3909242298084929,4
588,58,23.25,16,5.913746630727763,0.7035040431266847,4.235442594674557,0.5417789757412399,8.477327406462258,948.1896600631804,0.0320243995425085,0.3873427373236752,4
589,51,23.384615384615383,13,5.858085808580858,0.6963696369636964,4.932953903914591,0.5511551155115512,8.18292497938414,861.770051377635,0.0277125410991075,0.3860967590418037,4
590,53,24.307692307692307,13,5.917460317460318,0.692063492063492,4.961164665467626,0.5365079365079365,8.22611828072498,848.8253672442859,0.0291349170775437,0.3859255939040789,4
591,43,25.0,13,5.941538461538461,0.6984615384615385,4.958775729452055,0.52,8.264959069222616,808.0872415963485,0.0265217391304347,0.3830434782608695,4
592,48,24.142857142857142,14,5.8664688427299705,0.6706231454005934,5.095125632107023,0.5311572700296736,8.3223478543135,867.1815264717068,0.0245971162001696,0.3884648006785411,4
593,37,23.416666666666668,12,5.882142857142857,0.7035714285714286,4.338583750988143,0.5,8.078404869169104,772.646301890008,0.0305654610290371,0.3861436576668364,4
594,60,27.857142857142858,14,5.920512820512821,0.6897435897435897,5.110276045454546,0.5282051282051282,8.517482964512345,919.4899475194088,0.0296993842810575,0.3868163708801159,4
595,42,25.25,12,5.903654485049834,0.6578073089700996,5.7606603443223445,0.53156146179402,8.130452773814792,782.1441692294344,0.0278301886792452,0.3933962264150943,4
596,63,28.8125,16,6.03695652173913,0.6391304347826087,4.700551150851582,0.5369565217391304,8.744268535116088,957.1154025089138,0.0248334342822531,0.3946093276801938,4
597,46,26.0,13,5.661721068249258,0.7091988130563798,5.00217662,0.516320474777448,8.368507898969236,907.9356569545766,0.0336244541484716,0.3816593886462882,4
598,47,23.714285714285715,14,5.818181818181818,0.6757575757575758,4.492850057432432,0.5484848484848485,8.304938036646599,859.5797837521391,0.0318221447253705,0.3805579773321709,4
599,54,25.375,16,5.970443349753695,0.6798029556650246,4.847517815217392,0.4926108374384236,8.615469733569112,908.41948501662,0.0242718446601941,0.3942441054091539,4
600,51,23.23076923076923,13,6.1395348837209305,0.7043189368770764,4.556049835164836,0.5049833887043189,8.188818690495882,829.085132795957,0.0236041761234679,0.3894689060372219,4
601,53,23.07692307692308,13,6.0602006688963215,0.6822742474916388,5.361064893772894,0.4949832775919732,8.14952124696497,852.7713916875313,0.0286374133949191,0.3861431870669746,4
602,48,27.285714285714285,14,6.00261780104712,0.675392670157068,5.321127588571429,0.4712041884816754,8.492925697986331,865.3808354440432,0.0304475421863536,0.3906823184152604,4
603,64,22.066666666666663,15,5.7477203647416415,0.7112462006079028,4.911154314569536,0.5045592705167173,8.312567591501733,865.2461040818368,0.0297984224364592,0.3873794916739702,4
604,54,18.88888888888889,18,6.268436578171092,0.6755162241887905,4.06812305960265,0.528023598820059,8.325406729168792,829.824516200966,0.025,0.3968253968253968,4
605,46,21.6875,16,5.988439306358382,0.6358381502890174,4.472138607142857,0.4739884393063583,8.325337587878604,820.1359278401535,0.029995946493717,0.3895419537900284,4
606,59,21.85,20,5.951834862385321,0.658256880733945,4.75376786835443,0.4770642201834862,8.691308372345286,956.2318914092368,0.0255498059508408,0.389391979301423,4
607,50,22.9375,16,5.94550408719346,0.6457765667574932,4.960640295180723,0.4577656675749318,8.451465480348723,869.243434011451,0.0284505959246443,0.3886966551326413,4
608,54,25.0625,16,5.93,0.6425,5.3110902633053225,0.45,8.576310663028545,890.6624008383644,0.025097207493814,0.3930717568045245,4
609,46,23.53333333333333,15,6.0,0.6534090909090909,4.667882238993711,0.4602272727272727,8.426837191814533,830.173699197268,0.0278662420382165,0.3885350318471338,4
610,34,26.181818181818183,11,5.96875,0.6805555555555556,4.190875740310078,0.4895833333333333,8.130063721100777,790.1601187881205,0.0249632892804698,0.3901125795398923,4
611,55,20.705882352941178,17,6.116809116809117,0.6837606837606838,4.816239784848484,0.5299145299145299,8.414768576111863,868.5025341417502,0.0246768507638072,0.3928711320015667,4
612,53,21.4375,16,6.008746355685132,0.6822157434402333,4.095994986754967,0.5102040816326531,8.359372982722155,845.0704118766903,0.0288617886178861,0.3918699186991869,4
613,53,21.235294117647054,17,5.95,0.6833333333333333,4.299890818461538,0.5138888888888888,8.45441384997904,915.2245380628624,0.028169014084507,0.3939749608763693,4
614,49,22.8,15,5.750733137829912,0.6627565982404692,5.015696303797468,0.4780058651026393,8.329921671406368,839.0082198379073,0.0327241818954526,0.3880152996175096,4
615,45,22.846153846153847,13,6.097643097643098,0.67003367003367,4.448545014814815,0.4882154882154882,8.159605772716235,800.6398370085245,0.0269141531322505,0.3897911832946635,4
616,58,25.823529411764707,17,5.612756264236902,0.6309794988610479,5.101026868292683,0.489749430523918,8.689148303883531,965.5289797222272,0.0280026990553306,0.3869770580296896,4
617,55,24.933333333333334,15,5.997311827956989,0.6478494623655914,4.495869485207101,0.4865591397849462,8.439561697363859,916.1197190754216,0.0259496051147047,0.3945092139902219,4
618,50,26.133333333333333,15,5.882352941176471,0.649616368286445,5.084453134670487,0.4398976982097187,8.547048839379542,876.3243366638081,0.0299051787016776,0.3949671772428884,4
